pci_vendor_subsystem_id,count
0x0126,2
0xB870,2
0xE22E,2
0xC53D,2
0x5EFD,2
0x98B2,2
0x8A1B,2
0x55D0,2
0xB7D8,2
0x3C52,2
0x470F,2
0xAB8B,2
0x74AA,2
0x8A30,2
0x83BE,2
0xD045,2
0x29E3,2
0xAE35,2
0xFDA4,2
0xA8CA,2
0x5919,2
0xBFCA,2
0x5382,2
0xA9AA,2
0xA726,2
0x58A3,2
0x65E0,2
0x363E,2
0x4C4B,2
0xA773,2
0xD683,2
0xAF76,2
0x5339,2
0x07FF,2
0x2E33,2
0x6DE4,2
0xEE07,2
0xF827,2
0xC41A,2
0x79BD,2
0x96F8,2
0x77DA,2
0xDE34,2
0xED2C,2
0x1B95,2
0x366B,2
0x2BF8,2
0x3465,2
0x4F5D,2
0xAC12,2
0x126C,1
0x0CE4,1
0x3E67,1
0x35DF,1
0x591A,1
0xCEB4,1
0xF20F,1
0x577A,1
0xB176,1
0xEB0D,1
0xE960,1
0xD25C,1
0x290C,1
0x24B4,1
0x8392,1
0x6B27,1
0x2714,1
0xE5FA,1
0xCAE8,1
0x6125,1
0x6377,1
0x6F82,1
0x8453,1
0x6ADE,1
0xD0A7,1
0xE14E,1
0x8D56,1
0xE668,1
0x45A6,1
0x2BF5,1
0xA4A0,1
0x74D7,1
0x5C6C,1
0x0A5C,1
0x9440,1
0x8719,1
0xC430,1
0x98A5,1
0xD0A1,1
0x6879,1
0x9E29,1
0xD8A9,1
0x9385,1
0x2769,1
0x05CF,1
0x3F38,1
0xF0F2,1
0x0D62,1
0x4E4F,1
0x07A2,1
0x8E11,1
0xD546,1
0x2423,1
0x8281,1
0x5166,1
0x8690,1
0x57FD,1
0x7FE0,1
0xB4E6,1
0x264A,1
0x8BFB,1
0x3DCF,1
0x1913,1
0xA734,1
0x286B,1
0x5726,1
0x5C2C,1
0x3D86,1
0x426B,1
0x6DED,1
0xDD39,1
0xC673,1
0x2811,1
0xA8C5,1
0x0A44,1
0x0C1D,1
0xF50F,1
0x85CF,1
0x9F37,1
0x7318,1
0x3223,1
0xEF60,1
0xB3FC,1
0x8D43,1
0xABFB,1
0x0689,1
0x8242,1
0x76DA,1
0x80C8,1
0xF41F,1
0xDA76,1
0x2DAE,1
0x2128,1
0x0DBC,1
0xDBC2,1
0xFDB2,1
0xDF10,1
0xC54B,1
0x5087,1
0xF1ED,1
0xFF83,1
0xD661,1
0x996F,1
0xEFC0,1
0x3CDB,1
0x9D7D,1
0xE363,1
0x9DBE,1
0x23A2,1
0x430E,1
0x0884,1
0x3DB5,1
0xFFE1,1
0x5E1A,1
0x8EB0,1
0x50C3,1
0x6945,1
0x67A4,1
0xAE3C,1
0x221B,1
0x1AE2,1
0xC209,1
0x74B5,1
0x99B8,1
0x9C61,1
0xBDEB,1
0x2457,1
0xDFA8,1
0xCE59,1
0x5710,1
0x7443,1
0x504A,1
0xF584,1
0xD506,1
0x8109,1
0x4C22,1
0x2A55,1
0xE8B0,1
0xD81C,1
0x099C,1
0xA11F,1
0x639A,1
0x2E63,1
0x8771,1
0x7265,1
0x0FB4,1
0x47B2,1
0xF4D0,1
0xCF38,1
0x4909,1
0x26A9,1
0x0BAB,1
0xE793,1
0xBC86,1
0x9EF2,1
0x6C89,1
0x9847,1
0x1284,1
0x6C15,1
0xA009,1
0x9323,1
0x3363,1
0xD648,1
0xBC54,1
0x685A,1
0x89CA,1
0xC3DA,1
0x01FD,1
0x7A21,1
0x9D11,1
0x604E,1
0xC45D,1
0x5B54,1
0xA65F,1
0xB5D8,1
0xD2E7,1
0x2D28,1
0x78F5,1
0x8F1F,1
0x1F42,1
0x7FA6,1
0x468C,1
0x2BCA,1
0x779F,1
0x5AB4,1
0x985C,1
0x511D,1
0x9F77,1
0x6A41,1
0x76D8,1
0xC62B,1
0x8AB1,1
0x2B5C,1
0x7534,1
0x1C2C,1
0xC9AE,1
0x9E73,1
0x93A6,1
0x9629,1
0xD511,1
0x87B2,1
0x6B9C,1
0x636D,1
0xA80D,1
0xA7C3,1
0x7C36,1
0x3DD0,1
0x3EDA,1
0xCA9D,1
0x7717,1
0x07EB,1
0x4329,1
0x9435,1
0x6810,1
0xECFE,1
0xBB12,1
0xF408,1
0x2D83,1
0x2193,1
0x1304,1
0x4CF0,1
0xD2CF,1
0x6D8F,1
0x2AFA,1
0x51D6,1
0xCF58,1
0xD2D2,1
0x017A,1
0xE836,1
0x136B,1
0xA289,1
0x9CF8,1
0xCADA,1
0x4E61,1
0x751C,1
0xE945,1
0x1680,1
0xDF32,1
0x365D,1
0xFAD2,1
0x71F7,1
0x4236,1
0xBD33,1
0x7DC9,1
0x90E0,1
0x71B0,1
0x5914,1
0xC36B,1
0x4567,1
0x1B99,1
0x5CB8,1
0x5660,1
0x5EE0,1
0x5FDE,1
0x5BE1,1
0xB387,1
0x7577,1
0x0C7C,1
0x8A8C,1
0x30C2,1
0x9D6D,1
0x3A40,1
0xDE52,1
0x3B8A,1
0xF1F1,1
0x5B94,1
0x5B0D,1
0x4CA7,1
0x7BBE,1
0xF2BC,1
0x240C,1
0x6C1D,1
0xD607,1
0x576F,1
0xC897,1
0x643D,1
0x55AD,1
0x0DEC,1
0x87CE,1
0x8976,1
0x66C2,1
0xC1C2,1
0xA256,1
0x21A5,1
0x43DE,1
0xB6A1,1
0x145C,1
0x4BAF,1
0xA875,1
0xD0A3,1
0x8E55,1
0x89B5,1
0x412E,1
0x84A7,1
0x0FC9,1
0x8179,1
0xEE25,1
0x76C5,1
0x8767,1
0x270D,1
0xA056,1
0x5DC3,1
0x2A9E,1
0xE259,1
0x57E7,1
0xEE76,1
0xF9AD,1
0x9E5D,1
0xF0DF,1
0xBF94,1
0x6E46,1
0x1C55,1
0x1E04,1
0xA825,1
0x5982,1
0x5B20,1
0xFCDE,1
0xEE9A,1
0x6FAC,1
0x0952,1
0xB2EB,1
0x2EA7,1
0x5623,1
0x3A56,1
0xD9D5,1
0x4FB3,1
0x71D7,1
0x7098,1
0xE695,1
0x45B7,1
0xFA91,1
0xBA02,1
0x6027,1
0xF4EF,1
0x589C,1
0x74C4,1
0xFF0C,1
0xD80E,1
0x51A4,1
0xDBE1,1
0xAF6E,1
0x9E99,1
0xD2EF,1
0x11C5,1
0x1043,1
0x4423,1
0xD156,1
0x5293,1
0x1FEA,1
0x17C1,1
0x876B,1
0xBC9C,1
0xB0E0,1
0x9228,1
0xE3DD,1
0x6D72,1
0x2C76,1
0xA662,1
0xE7A8,1
0x2AA3,1
0xA9D3,1
0x9C9F,1
0x4679,1
0xF391,1
0xF443,1
0x9EE1,1
0x6A6E,1
0xF104,1
0xDE91,1
0xE561,1
0x8A7B,1
0x44E8,1
0xE590,1
0xF13E,1
0xCF2D,1
0x041A,1
0x9155,1
0x1DD1,1
0x09BC,1
0x8CF4,1
0x196C,1
0x1DC9,1
0xD2FE,1
0x4CFB,1
0xFB96,1
0x8FE7,1
0x2E37,1
0x43E6,1
0x6471,1
0xD549,1
0xB4C4,1
0xF532,1
0xF356,1
0x07BB,1
0x816C,1
0x6CB4,1
0x04DC,1
0x3553,1
0xFE26,1
0xE3CE,1
0x33BD,1
0x3A34,1
0xEB49,1
0xC140,1
0xFB33,1
0x9E49,1
0x1AF8,1
0xDE01,1
0x29C1,1
0x72C4,1
0x676D,1
0xE5F8,1
0xC64C,1
0x279E,1
0x0854,1
0xA599,1
0x1484,1
0xA529,1
0xA1DD,1
0x83F7,1
0x2C12,1
0x69AD,1
0x1D35,1
0xC09B,1
0x23CF,1
0x6D2F,1
0x4B92,1
0x2AB1,1
0x1DE6,1
0xACF1,1
0xAD19,1
0xA397,1
0x75DC,1
0x2003,1
0x24A0,1
0x41B7,1
0xE812,1
0x750F,1
0x0A6C,1
0xC424,1
0x36B9,1
0x1B88,1
0xDBA4,1
0x9AFC,1
0x9F7F,1
0xABC5,1
0x1ACF,1
0xC393,1
0x2F37,1
0x2624,1
0xC010,1
0x4B66,1
0x5DF1,1
0xAA65,1
0x3102,1
0xA903,1
0x47A4,1
0x0C17,1
0x747F,1
0x8F75,1
0xF377,1
0x00CF,1
0x8DCF,1
0x6B7C,1
0xC98D,1
0xBED3,1
0x1A08,1
0xBFCC,1
0xC250,1
0xABFC,1
0xD94B,1
0x2C8F,1
0x411A,1
0x1DE8,1
0xD7A5,1
0xCF9C,1
0x4DA3,1
0x76AD,1
0xFEFB,1
0xB5C7,1
0xB35D,1
0xF613,1
0x91E6,1
0x15EC,1
0x6C9C,1
0x731D,1
0x91DB,1
0xE9B3,1
0x1285,1
0xFA6C,1
0x5126,1
0xE787,1
0xEBB4,1
0x96ED,1
0xA460,1
0x67DD,1
0xE012,1
0xB74B,1
0xFAF2,1
0x2A38,1
0xEA46,1
0x4793,1
0xD79F,1
0x8ACD,1
0x6E09,1
0x6275,1
0x73AD,1
0x3027,1
0xA0B9,1
0xD1BC,1
0x2846,1
0xEECE,1
0x9C29,1
0x64D5,1
0x2BBB,1
0x8271,1
0xB0C0,1
0x9F9F,1
0xD8E7,1
0xCBF4,1
0xC487,1
0xF6E8,1
0x6DE5,1
0x5785,1
0x4D87,1
0x483E,1
0xE459,1
0xF390,1
0x22B8,1
0x44FC,1
0xBC10,1
0x4A04,1
0xBB77,1
0x91BD,1
0x99E5,1
0xB834,1
0x5A47,1
0xCB81,1
0x6A51,1
0x1D18,1
0x7C4E,1
0x8541,1
0x1224,1
0x616F,1
0x6230,1
0xD389,1
0xD828,1
0xEBCB,1
0xBADC,1
0x1DF1,1
0x1F48,1
0x1C4E,1
0xA955,1
0x35CA,1
0xC81E,1
0xFBB1,1
0xD6BE,1
0x281D,1
0x73A9,1
0xF9BD,1
0xBB61,1
0x9741,1
0x4B7F,1
0x195A,1
0x063B,1
0x4272,1
0xD7A1,1
0x662B,1
0x35AC,1
0x0AC7,1
0xC48A,1
0xD381,1
0x0BAF,1
0x2B79,1
0x0352,1
0x9B94,1
0x7D67,1
0x0457,1
0x119B,1
0x2053,1
0xD164,1
0x5B31,1
0xADA6,1
0x871A,1
0xBE9D,1
0xFB35,1
0x7454,1
0xABB2,1
0x09DD,1
0x4BE2,1
0xA89B,1
0x9A38,1
0x5FC4,1
0x63E4,1
0x1A2E,1
0xFE13,1
0x3555,1
0xBC2F,1
0x46AC,1
0x7FD0,1
0x23D1,1
0x1301,1
0x0FE1,1
0x1ABB,1
0x1DE4,1
0x1BEC,1
0x2963,1
0x339D,1
0x85B4,1
0xDBA9,1
0xDCA6,1
0x2C28,1
0xB043,1
0x079D,1
0x4C2C,1
0x8F6F,1
0x4E7A,1
0x5E16,1
0xE068,1
0x0691,1
0x5E30,1
0x1315,1
0x8CE5,1
0x082D,1
0x553F,1
0x5C97,1
0x6B74,1
0x51F1,1
0x7D5A,1
0xCF0C,1
0x121B,1
0xC51A,1
0xA393,1
0xBDB9,1
0x8A40,1
0xC54C,1
0x6FD8,1
0x111F,1
0xFE17,1
0x6436,1
0x4065,1
0x9BF7,1
0x386D,1
0x6899,1
0x08D3,1
0xDC0E,1
0x5601,1
0x72B9,1
0x2B91,1
0xD69E,1
0x11DC,1
0x7EE1,1
0x128C,1
0x95A2,1
0x5C91,1
0x3B91,1
0x52E5,1
0x1F5C,1
0x2EAD,1
0xC3A2,1
0x8323,1
0x2B0F,1
0xAE48,1
0xAF28,1
0x504E,1
0x089F,1
0xDE15,1
0x81CC,1
0x3FD6,1
0x3344,1
0x34A7,1
0x887D,1
0xB877,1
0xC167,1
0x02E9,1
0x3F64,1
0xFFC8,1
0xFE7A,1
0x8F38,1
0x265F,1
0xAFB2,1
0x4F53,1
0xF161,1
0xDCFB,1
0xFC1E,1
0x4939,1
0xCBDD,1
0xA574,1
0xF112,1
0x68A0,1
0x68FE,1
0xA321,1
0xC4A6,1
0x7EDB,1
0xD432,1
0x3ED7,1
0x5609,1
0xCC59,1
0x576B,1
0x838C,1
0xE811,1
0xC268,1
0x2B59,1
0xBC0B,1
0x3FE6,1
0x15C4,1
0x743F,1
0xB118,1
0xCA71,1
0xF0B5,1
0x3E3A,1
0x83E1,1
0x9C67,1
0x5263,1
0xD2AF,1
0xC2E5,1
0xDB5D,1
0x071B,1
0x10B1,1
0x07F1,1
0xA823,1
0x3BC7,1
0xA9BA,1
0xD2B6,1
0xCE07,1
0xC4EF,1
0x43D3,1
0xB96C,1
0x43A9,1
0xABBB,1
0xC736,1
0x17B4,1
0x4B95,1
0x7E03,1
0xEF40,1
0x2584,1
0x0452,1
0x245E,1
0x0AC5,1
0xB2A7,1
0xEE9F,1
0x6AF0,1
0x2C25,1
0xA3F6,1
0x214F,1
0x9302,1
0x8D7F,1
0x7CB8,1
0x9894,1
0x5622,1
0xB9FB,1
0x2C52,1
0x96F5,1
0x8145,1
0x8B94,1
0x5E01,1
0x88AA,1
0xCB71,1
0xDEF1,1
0x5DAF,1
0xF424,1
0x4143,1
0x07F5,1
0x77C0,1
0xF9E3,1
0xBF02,1
0x5637,1
0x3018,1
0xF3FF,1
0xE7A7,1
0x70DD,1
0x7C3B,1
0xC1D8,1
0x5EC4,1
0xA1EE,1
0x5A42,1
0x13C1,1
0x6383,1
0xD11D,1
0xC15A,1
0x0061,1
0xE21C,1
0xD7D9,1
0x7D69,1
0xFF12,1
0x6A7D,1
0x9B5C,1
0xC699,1
0xEEA5,1
0x4EE1,1
0x0F56,1
0xEF39,1
0x2882,1
0x039C,1
0xA914,1
0x7D2E,1
0xD279,1
0x8E5E,1
0x6DA0,1
0xC397,1
0xCC75,1
0x0758,1
0xDFEE,1
0x5ED5,1
0x4AC4,1
0x2BA8,1
0x1CD3,1
0xD1EB,1
0x6B6B,1
0xAAE9,1
0x3214,1
0x91DC,1
0x8D7B,1
0xC387,1
0x10BA,1
0x9A85,1
0x4D30,1
0x7A8B,1
0x2E12,1
0x688C,1
0xFABE,1
0x413B,1
0x5BBF,1
0x0836,1
0xE098,1
0xB244,1
0x7724,1
0xD863,1
0x9CF7,1
0xF790,1
0x7F05,1
0x6404,1
0x5B3D,1
0xE334,1
0xFDC6,1
0x9D65,1
0x96A0,1
0x14F0,1
0xB456,1
0x088C,1
0xD92B,1
0xF556,1
0x3DBE,1
0x8A5A,1
0xC5C8,1
0xA9FD,1
0xD8DA,1
0x2484,1
0xD6ED,1
0x3099,1
0x9E4C,1
0x2CA3,1
0xB8B5,1
0x4C47,1
0xB5F4,1
0xE206,1
0xA030,1
0x801F,1
0xDCA1,1
0xF333,1
0x102B,1
0xF324,1
0x14C1,1
0x2431,1
0xD6CF,1
0x061A,1
0x409D,1
0x0D98,1
0xB585,1
0x91EA,1
0x6A3B,1
0x8921,1
0xAEBB,1
0xF7B5,1
0xDECD,1
0x7C9E,1
0xDE93,1
0x75E2,1
0xB93E,1
0x6895,1
0xF011,1
0x8B14,1
0x152A,1
0xF41D,1
0x3AC6,1
0xE8B2,1
0x323D,1
0x2174,1
0xACA1,1
0x547A,1
0x9AF3,1
0x010F,1
0x19C8,1
0x91E8,1
0x65D9,1
0xEDB7,1
0xFD79,1
0x7709,1
0xB047,1
0x028A,1
0x3457,1
0x7AEE,1
0xE217,1
0x8887,1
0xCC10,1
0x269D,1
0x39AE,1
0x448D,1
0xC754,1
0x53F7,1
0x7403,1
0x70F0,1
0x5860,1
0x6105,1
0x2EDA,1
0x223E,1
0xC5AC,1
0x6DA5,1
0x0F84,1
0x9DA3,1
0x7E4E,1
0xCC58,1
0xF11B,1
0x2448,1
0x3F67,1
0x08C4,1
0x710F,1
0xA5FF,1
0xCA89,1
0x7494,1
0x890A,1
0xD11A,1
0x1AD6,1
0xBBC9,1
0x416F,1
0xD673,1
0xDB81,1
0xF893,1
0x780E,1
0xD60B,1
0x367D,1
0xF6EF,1
0x7CDB,1
0xBCB1,1
0x755A,1
0x5FC1,1
0x47FC,1
0xAE87,1
0x6DE9,1
0x3B44,1
0x556A,1
0xBB9A,1
0x4A70,1
0x9AD0,1
0xD76C,1
0x5872,1
0x87E2,1
0x2EF6,1
0x29A7,1
0xED58,1
0xFBB6,1
0xC02D,1
0x2A94,1
0xDDD6,1
0xAA90,1
0xE713,1
0x5B25,1
0x8DDE,1
0x1100,1
0x7344,1
0x624F,1
0x6589,1
0xA882,1
0x343D,1
0xF65C,1
0x7C8E,1
0x1905,1
0x7942,1
0xCD63,1
0xD5AA,1
0x8DAD,1
0xC35E,1
0x8E1B,1
0x07CF,1
0xC9CA,1
0x6D75,1
0xD732,1
0xFC98,1
0x339C,1
0xDA2B,1
0xDC92,1
0xDF1F,1
0xA936,1
0x0169,1
0x5471,1
0x8D06,1
0xA960,1
0x5B42,1
0xDD63,1
0x4C5D,1
0xD66F,1
0x1E46,1
0xEA3C,1
0xDD5F,1
0x13EE,1
0x3EF8,1
0x3636,1
0x45DE,1
0x79D6,1
0x0016,1
0x9744,1
0x0AD0,1
0x4FEC,1
0x6C3E,1
0x7750,1
0x61F8,1
0x3D18,1
0xF3EA,1
0xBB3D,1
0x4031,1
0x1F21,1
0x2E53,1
0xA20B,1
0xDB5A,1
0xFCCD,1
0x61CD,1
0x8C68,1
0xF65B,1
0x158E,1
0x4E3A,1
0xF64C,1
0x45DD,1
0x70FA,1
0xFAB1,1
0x4447,1
0x82A8,1
0xAB35,1
0x1C19,1
0x1DF9,1
0x1825,1
0x01BE,1
0x1592,1
0xA0B3,1
0x2695,1
0x63CE,1
0x200F,1
0xE10C,1
0xEA9B,1
0x44AB,1
0x6F4A,1
0x2D60,1
0x77BA,1
0x16A7,1
0xD30B,1
0xD862,1
0x2A30,1
0x4734,1
0xFE1B,1
0x05FC,1
0x0A29,1
0x7A68,1
0x3144,1
0x6046,1
0x840B,1
0x90E3,1
0x3929,1
0xEA51,1
0x6A13,1
0xF2DF,1
0xF852,1
0x0394,1
0xE04B,1
0x9B79,1
0xA53E,1
0xD9D7,1
0x2268,1
0xB28C,1
0x10CF,1
0xE8F1,1
0x73E4,1
0xE7FA,1
0x4FAB,1
0xE40C,1
0x870E,1
0x5127,1
0x5F24,1
0xAEA5,1
0xBEE2,1
0xA81C,1
0x2897,1
0xC5B3,1
0x5F4B,1
0x27B8,1
0xBC53,1
0x6458,1
0x3559,1
0xC70E,1
0x40B1,1
0x98B9,1
0x00DC,1
0x1348,1
0xC494,1
0x2C01,1
0x3B72,1
0xF29A,1
0xF774,1
0xC150,1
0xFB8C,1
0x1491,1
0xB2CB,1
0xB0C4,1
0xD486,1
0x7D8A,1
0x3D1E,1
0xB28D,1
0x4BF7,1
0x312D,1
0x5868,1
0x2021,1
0xEAC2,1
0x0242,1
0x03B7,1
0xD02C,1
0x6B5D,1
0xE69F,1
0x8D9E,1
0x4A74,1
0x257A,1
0x0046,1
0x7E78,1
0x025E,1
0xBE4F,1
0x66B0,1
0xF67A,1
0xF918,1
0x38E9,1
0xD4EF,1
0xBA16,1
0x052A,1
0x4F79,1
0x8F76,1
0xE485,1
0x41D4,1
0x709B,1
0x9958,1
0x30B7,1
0xBF55,1
0x17BB,1
0x52E7,1
0x699D,1
0x512D,1
0x0E0D,1
0x6169,1
0xE2CF,1
0xCC61,1
0x90D4,1
0x7944,1
0x4401,1
0x1DCE,1
0xD3F2,1
0xB8FA,1
0x2FBC,1
0x7071,1
0x6C58,1
0x85D4,1
0xB7DA,1
0xD05E,1
0x4DEE,1
0x2C7F,1
0x9E90,1
0xA21B,1
0xE944,1
0xFE47,1
0x726A,1
0x3A9A,1
0xDFA0,1
0x5753,1
0x20CB,1
0x4EE9,1
0x4D2B,1
0x5D25,1
0x6545,1
0xF652,1
0x6ECD,1
0xCD0C,1
0xF98E,1
0x95C6,1
0x6EBC,1
0x6B5E,1
0x5DA3,1
0x8A9E,1
0xB5DD,1
0xF581,1
0x1EEA,1
0x4FAE,1
0xDD88,1
0x51F3,1
0x9214,1
0x4843,1
0x0A10,1
0x1952,1
0xD3EB,1
0x6C82,1
0x0A28,1
0x2D5D,1
0xB7C9,1
0xBE81,1
0xFF6B,1
0xD77F,1
0x8D28,1
0xB9EF,1
0x5006,1
0x27FD,1
0xFF2C,1
0x2190,1
0x2101,1
0xE6F4,1
0x2CCE,1
0x0908,1
0x411F,1
0xFDD5,1
0x3E3B,1
0xE93A,1
0x11FD,1
0xBD2C,1
0x1605,1
0x7410,1
0x75B2,1
0x9235,1
0xCA5A,1
0x9FC9,1
0x8909,1
0xF2E6,1
0x71FC,1
0x9F4D,1
0x76DE,1
0x5117,1
0xD242,1
0xFF45,1
0x7707,1
0x01A1,1
0xB058,1
0xD1D1,1
0xBD60,1
0x819C,1
0x1C9B,1
0xED66,1
0xC4EB,1
0xB139,1
0x1CE7,1
0xA0F3,1
0xC7FA,1
0x649C,1
0x3B38,1
0x0524,1
0x1174,1
0x5CA2,1
0x48E1,1
0x2E3E,1
0x9F29,1
0xCDFF,1
0xED19,1
0x587E,1
0x2E87,1
0xA999,1
0x2AFE,1
0x08E1,1
0x1B47,1
0x8582,1
0x898E,1
0x7F16,1
0xEEF5,1
0x9C01,1
0x37C8,1
0xF58B,1
0x1074,1
0xD410,1
0x55CC,1
0xE519,1
0xA57F,1
0x42DE,1
0x0F2C,1
0x6AEB,1
0x9936,1
0xB0FC,1
0xB8F6,1
0xF473,1
0x609C,1
0x66D5,1
0xAFBC,1
0x3AD1,1
0x40E2,1
0x512E,1
0x0788,1
0x4A14,1
0xF3C1,1
0x1988,1
0x5CA0,1
0x9E6B,1
0x9671,1
0xD671,1
0x822C,1
0x5B87,1
0x1C36,1
0x1B59,1
0xC670,1
0x4FC3,1
0x0149,1
0x374C,1
0xEFC1,1
0xE09B,1
0x3906,1
0x4A17,1
0xB847,1
0x5EAC,1
0x084B,1
0x218E,1
0x4A38,1
0xF597,1
0x911B,1
0x1A0A,1
0x1B6E,1
0x38B7,1
0x61F0,1
0xFD84,1
0xDBA0,1
0x2DE8,1
0x5A07,1
0x387B,1
0xCD0A,1
0x88F0,1
0x7624,1
0x459F,1
0x4EE0,1
0x3A48,1
0x65D5,1
0xFB58,1
0xA286,1
0xD903,1
0x06A6,1
0x6E5A,1
0x4BAB,1
0x9769,1
0x9BAF,1
0x0E06,1
0xC511,1
0xE6B3,1
0x979A,1
0x1615,1
0xB602,1
0xDCE7,1
0x5167,1
0x1E96,1
0x4B6B,1
0xD5B2,1
0xC79E,1
0x33C9,1
0x326D,1
0x8126,1
0x8A21,1
0x8622,1
0xB420,1
0xAC50,1
0x4470,1
0xC2AF,1
0x80AF,1
0x9B4D,1
0x371F,1
0xFC09,1
0xC5A0,1
0x2AF7,1
0xC29B,1
0xE80B,1
0x16B4,1
0xC838,1
0xC817,1
0x3AC4,1
0xF6A7,1
0xB4CA,1
0x1FDD,1
0x1720,1
0x9378,1
0xFF1B,1
0xC510,1
0x4235,1
0x81DD,1
0x587D,1
0x0662,1
0x20C5,1
0x391F,1
0xB197,1
0x3826,1
0xAA6D,1
0x8CF7,1
0xE3B5,1
0xAC26,1
0x9B05,1
0x428E,1
0xF269,1
0x9A04,1
0xBE17,1
0x28C3,1
0xBC31,1
0x9DE6,1
0x2898,1
0xBA92,1
0x7A23,1
0x3164,1
0xB124,1
0x5D8B,1
0x2EEC,1
0xDDD0,1
0x00BD,1
0x1987,1
0x6D09,1
0xEB30,1
0xFD2A,1
0x4844,1
0x01F0,1
0x6F1C,1
0xDE24,1
0x94FF,1
0x687C,1
0x8A3B,1
0xE8AB,1
0x089B,1
0x1706,1
0xD8A3,1
0x9D96,1
0x54FA,1
0x644E,1
0x29A1,1
0xEBBA,1
0x409E,1
0x76A4,1
0x968D,1
0xB4C3,1
0xF27E,1
0x4C37,1
0x97A0,1
0xD44B,1
0xB262,1
0x3C42,1
0x99B2,1
0x1725,1
0x8A42,1
0x57BA,1
0x58C0,1
0x5D6E,1
0x5F11,1
0x9252,1
0xA670,1
0x3B4F,1
0x7658,1
0xC8DE,1
0xFECA,1
0xC692,1
0xC4E1,1
0xD74D,1
0x0DBD,1
0x1E08,1
0xA584,1
0xD612,1
0x4FA5,1
0x57FF,1
0x8B3D,1
0x16F6,1
0x9F11,1
0x13AB,1
0x70C4,1
0x50BB,1
0xFE11,1
0xBFA0,1
0x6DB1,1
0x8711,1
0x7119,1
0xEB43,1
0x45D4,1
0xC96F,1
0x69CA,1
0x36C4,1
0xA1AF,1
0xC4F3,1
0x29E7,1
0x3187,1
0xAFD9,1
0x8B99,1
0x7420,1
0xADD6,1
0x3133,1
0x0886,1
0x9949,1
0x517A,1
0x44CC,1
0x44B1,1
0x3921,1
0x79EE,1
0x1ECF,1
0x97B9,1
0x32CB,1
0x1F99,1
0xA736,1
0xA68C,1
0xDEE6,1
0xC5CA,1
0x0970,1
0x65C4,1
0xC993,1
0xFFC3,1
0x30E4,1
0xC1D0,1
0x182D,1
0xEC5B,1
0xA3C7,1
0xE94B,1
0x5429,1
0x76DF,1
0x119C,1
0x5227,1
0xDAB7,1
0xFF93,1
0x1D22,1
0x18AB,1
0x5B96,1
0xBEB7,1
0x172F,1
0xAE83,1
0xA9D5,1
0x0B55,1
0xCDD8,1
0x8015,1
0x42C6,1
0xBF68,1
0xDE28,1
0x0CC9,1
0x5F2F,1
0x7AE1,1
0x2A1D,1
0x5446,1
0xC500,1
0x4893,1
0x68A1,1
0x7327,1
0xB498,1
0x0A3B,1
0x736A,1
0x10D5,1
0xDAFF,1
0xEBE1,1
0xED70,1
0xC01C,1
0x8C98,1
0x7B53,1
0xDEDF,1
0x2DB4,1
0xBD78,1
0xCD62,1
0x6E02,1
0x87EA,1
0xCEB0,1
0x8C80,1
0xEE28,1
0x1F35,1
0xFC40,1
0x8D8E,1
0xE3C9,1
0x0521,1
0x9C1F,1
0xD9BD,1
0xE818,1
0x5CE9,1
0xD6B6,1
0x9361,1
0x256C,1
0xD8C6,1
0x0E01,1
0xBB4E,1
0x9389,1
0x2CAA,1
0xF6F4,1
0x750A,1
0xB2D0,1
0x1872,1
0x0107,1
0xACD3,1
0xA59C,1
0xDFEB,1
0xA379,1
0x4C0B,1
0x591C,1
0x0FA5,1
0xA415,1
0xC59E,1
0xAE41,1
0x03BC,1
0x0994,1
0x9B19,1
0x33AC,1
0x07C3,1
0x3E7D,1
0xBF95,1
0x8D93,1
0xB7C2,1
0x41F6,1
0x3510,1
0xBF14,1
0xFA46,1
0xF3E8,1
0xCB70,1
0xFC7E,1
0x9E0B,1
0x09F0,1
0xD580,1
0xC2E4,1
0x4D26,1
0x48AD,1
0xCFAD,1
0x7B04,1
0x5EFA,1
0xFDD8,1
0xA93F,1
0x87F6,1
0xA96B,1
0x79A5,1
0xEFA8,1
0x62B4,1
0xAAAE,1
0x5BB8,1
0xA616,1
0x0347,1
0x4756,1
0x2A3F,1
0x8EE3,1
0xB38A,1
0x4D42,1
0x3BCB,1
0xD2B0,1
0xB4AB,1
0xA197,1
0xF394,1
0x49D7,1
0x2C8D,1
0xBF86,1
0x1A2A,1
0xA2DE,1
0x5282,1
0x4168,1
0xEAFA,1
0x519A,1
0xFF9B,1
0xBF36,1
0x54D0,1
0xD241,1
0x5A1E,1
0x383E,1
0x0037,1
0xED7D,1
0xC518,1
0x3006,1
0x3FCB,1
0x8029,1
0x299F,1
0x265D,1
0xF022,1
0x1E18,1
0xD613,1
0x7580,1
0xDBB1,1
0x7608,1
0xD950,1
0x6774,1
0xEFFE,1
0xA857,1
0xAAEB,1
0xE91A,1
0xE33D,1
0x3D12,1
0x7AEA,1
0x0623,1
0x3DB9,1
0x3F47,1
0x1393,1
0xA05B,1
0x29AC,1
0x9FF8,1
0x707A,1
0xA027,1
0x16AC,1
0xFF16,1
0x4B06,1
0x182A,1
0x0041,1
0xA8C9,1
0xB5CD,1
0x5707,1
0xEC85,1
0x4BFD,1
0x210D,1
0x8C9A,1
0xF38B,1
0x7DA1,1
0x5044,1
0x0B8E,1
0x6E6A,1
0x94C2,1
0x2F0B,1
0x2D7F,1
0x9723,1
0x253E,1
0xAB64,1
0x4AE5,1
0x417B,1
0xB913,1
0x3089,1
0xE146,1
0x585B,1
0x2656,1
0x4E05,1
0x0ECF,1
0x27BB,1
0x44F8,1
0xB9A3,1
0x6574,1
0xF666,1
0x6F93,1
0x6205,1
0xB88A,1
0xAA21,1
0x382C,1
0xF56B,1
0x0145,1
0x5D62,1
0x93F8,1
0x5E2A,1
0xBC12,1
0x3045,1
0xA040,1
0x9F90,1
0xDDCF,1
0x3A14,1
0xCF30,1
0x9C30,1
0xD38E,1
0xFF32,1
0x98B8,1
0x0DC5,1
0xDA67,1
0xD899,1
0xF07E,1
0xDE45,1
0xAFE4,1
0x1CE0,1
0x4295,1
0xFF76,1
0xF46E,1
0x0956,1
0xE8C8,1
0xCDCA,1
0xFCB7,1
0x95BA,1
0xE366,1
0xDD04,1
0xD7E6,1
0xCCA6,1
0xC663,1
0xFB25,1
0xA527,1
0x13DF,1
0x9A2E,1
0x9AED,1
0x7A31,1
0x0984,1
0xB862,1
0x4FA2,1
0x7380,1
0x6064,1
0x2516,1
0xB779,1
0x35DB,1
0x2BBC,1
0x110A,1
0xBC60,1
0xCAC1,1
0xF5A0,1
0xBC24,1
0x25CF,1
0x7D77,1
0x971A,1
0x4A98,1
0xF946,1
0xC2C0,1
0xBD94,1
0x4D7E,1
0x7D1F,1
0x293A,1
0x8E34,1
0xD286,1
0xBC4E,1
0x86EB,1
0xFD67,1
0xFB8E,1
0x16E9,1
0xFD12,1
0x2EC6,1
0x086F,1
0x474E,1
0xB289,1
0x1A24,1
0x4DAD,1
0x7E6E,1
0xEAD1,1
0x4350,1
0x352E,1
0x6A71,1
0x5061,1
0xDFA4,1
0x878E,1
0xD915,1
0xCE61,1
0x09F5,1
0x42CE,1
0x6571,1
0xE1B2,1
0x2561,1
0xBF09,1
0x3E2D,1
0xC647,1
0x62D1,1
0x6438,1
0x6B16,1
0xE8FD,1
0xF615,1
0x6B48,1
0x7B6D,1
0x0E35,1
0x0B90,1
0x8A37,1
0x916F,1
0x50E9,1
0x8C29,1
0xDA80,1
0x3B74,1
0x536D,1
0x9A39,1
0x0C81,1
0xF961,1
0x3C0A,1
0x2F56,1
0xE8CD,1
0xD044,1
0x84B4,1
0x1CC0,1
0x60FF,1
0x9117,1
0x2DD6,1
0x8119,1
0x1321,1
0x3477,1
0xBFEC,1
0xFEB0,1
0xFE0D,1
0xB672,1
0x60D0,1
0x0FCE,1
0xCB4F,1
0xCB77,1
0x2B7C,1
0x8B19,1
0x5563,1
0xFDDA,1
0x6D56,1
0xFED8,1
0xFB98,1
0x9CEB,1
0xEBD9,1
0x54FD,1
0x90FC,1
0x2E06,1
0xDC58,1
0x16CE,1
0x1427,1
0x57F1,1
0x58B3,1
0x387E,1
0xB23B,1
0x8BC6,1
0xFF69,1
0xA780,1
0x23B0,1
0xA4F7,1
0x2F98,1
0x4F5F,1
0xDD96,1
0xC6C2,1
0x3F52,1
0xAE20,1
0x352A,1
0x1635,1
0xA5F1,1
0xCBE7,1
0xA26C,1
0xA06C,1
0x983D,1
0x085A,1
0xA44E,1
0x6C3D,1
0x6E9C,1
0x2040,1
0x37E2,1
0x0705,1
0xE365,1
0x4626,1
0x4DE9,1
0x20D5,1
0xFE25,1
0x9D35,1
0x2588,1
0x85EE,1
0x18FC,1
0xCEFC,1
0xA251,1
0x4591,1
0x1F72,1
0x3BAD,1
0xE271,1
0x1EB9,1
0x6CDF,1
0xDA70,1
0x9702,1
0x528F,1
0xD754,1
0xC1D5,1
0x22A8,1
0xC557,1
0xF05B,1
0xBDC5,1
0x81FB,1
0x8146,1
0x756F,1
0xD48B,1
0x53B8,1
0x5AE7,1
0x19AE,1
0x432C,1
0xFD89,1
0x3103,1
0xD109,1
0x5AFF,1
0x64DC,1
0xE871,1
0xA922,1
0x0658,1
0x3AB8,1
0x3A75,1
0x4879,1
0x5156,1
0x7853,1
0x8C3B,1
0x0C3A,1
0xD940,1
0x3D52,1
0xD567,1
0xA590,1
0x842E,1
0xC839,1
0x1717,1
0x7917,1
0xED1D,1
0x21A1,1
0xD70E,1
0x5BB9,1
0x7332,1
0xF8A3,1
0x6172,1
0xFFC0,1
0x02A1,1
0x64AD,1
0x186F,1
0xC2A6,1
0xD3B8,1
0xA77F,1
0x2124,1
0xB631,1
0xDE2E,1
0xB9EC,1
0x8948,1
0xEB47,1
0x0E6D,1
0x4B73,1
0x4E00,1
0xC975,1
0x070B,1
0xD365,1
0x09CA,1
0xA63C,1
0x7DFA,1
0x1233,1
0x628F,1
0xAE52,1
0x3AF8,1
0x76E0,1
0xFF64,1
0x0E95,1
0x02F2,1
0x4608,1
0xFADD,1
0xB47B,1
0x2289,1
0xAB5F,1
0x1C77,1
0xBCA4,1
0xA2E7,1
0xB4AE,1
0xB02B,1
0x1197,1
0x6547,1
0xFB0C,1
0x3ED8,1
0xD1D6,1
0x1093,1
0x3314,1
0xA6FE,1
0x30FB,1
0xDA51,1
0xFB3A,1
0xDD3C,1
0x2F64,1
0x9EA3,1
0xA1C4,1
0x748A,1
0x847D,1
0x69F2,1
0x45ED,1
0xCC2D,1
0xAD43,1
0xA5E1,1
0xCBC3,1
0x0726,1
0x6452,1
0x4F87,1
0x5800,1
0xD470,1
0x80CF,1
0x667A,1
0x8259,1
0x8C83,1
0x5CCF,1
0x606A,1
0x5482,1
0xA0D1,1
0x8D0D,1
0xCE6D,1
0xD959,1
0x1E14,1
0x0BD4,1
0xBD29,1
0x2B37,1
0xA8EC,1
0xC6ED,1
0x2277,1
0x0A5D,1
0xBF9C,1
0x2F76,1
0x909D,1
0xE7AD,1
0x30DE,1
0xF423,1
0x6270,1
0x3E7A,1
0x1B87,1
0x3ACC,1
0xB134,1
0x5A23,1
0x478E,1
0x5F78,1
0x5538,1
0x424A,1
0x9367,1
0x7217,1
0x1185,1
0xCFBC,1
0xEAB4,1
0x5345,1
0x7065,1
0xDC77,1
0x819F,1
0x8F9B,1
0xDCE8,1
0xEC7F,1
0x9DE2,1
0xBAB0,1
0xADE4,1
0xA294,1
0xEEE1,1
0xC2BF,1
0x9A13,1
0xC6DA,1
0x527C,1
0x94B6,1
0xCB53,1
0xE439,1
0x8AFB,1
0xCEDE,1
0xC70B,1
0xAA34,1
0x90F5,1
0xD61E,1
0x8841,1
0xEC3D,1
0xD983,1
0xD11B,1
0xFFAE,1
0x2FD2,1
0xF1E0,1
0xC441,1
0xF6A2,1
0xD5DD,1
0x80B4,1
0xAD7B,1
0x51BA,1
0x62CD,1
0x434F,1
0xE88D,1
0xD9A5,1
0x5115,1
0x50C5,1
0xB1BA,1
0xFA68,1
0x43ED,1
0x0100,1
0x82C7,1
0x7083,1
0xE7DD,1
0xB906,1
0x497E,1
0xCD31,1
0x3A58,1
0xC405,1
0x2594,1
0x9773,1
0x5E41,1
0xF07D,1
0xB757,1
0xA07C,1
0x04F4,1
0x0582,1
0x70B5,1
0x2610,1
0xA3AD,1
0xF243,1
0x42BB,1
0x8F36,1
0x91F5,1
0x1E88,1
0xA3F7,1
0xC8D8,1
0x0B09,1
0x2188,1
0xF58A,1
0xB954,1
0x3BD6,1
0x06D3,1
0xCE50,1
0x89D4,1
0xC536,1
0xDF33,1
0x5F76,1
0xE99C,1
0xEA54,1
0x77A7,1
0xDB98,1
0x6F70,1
0xBBC0,1
0x6BE5,1
0x5F03,1
0x2093,1
0x9030,1
0x73C0,1
0x792F,1
0xDA61,1
0xEA47,1
0xDC35,1
0x5502,1
0x8E7B,1
0xC952,1
0x43B9,1
0x4F1B,1
0xEC60,1
0xF068,1
0x0144,1
0x1A55,1
0x7A9A,1
0x7763,1
0x7E9F,1
0xB46F,1
0xF723,1
0x7CB7,1
0x83A5,1
0xD071,1
0xAE45,1
0x7A9F,1
0x28D3,1
0x594F,1
0xBBD6,1
0xEC61,1
0x2355,1
0xF61C,1
0x1F60,1
0x2E4A,1
0x9617,1
0x6598,1
0x7C3C,1
0x2CBD,1
0x9D57,1
0xA488,1
0x8F18,1
0x6E0A,1
0xB7DB,1
0x8312,1
0xBA3A,1
0x9A6F,1
0xECB9,1
0xD339,1
0x38F6,1
0xB6BD,1
0x4226,1
0x0793,1
0xE957,1
0x9F8E,1
0x0301,1
0x4796,1
0x6FF1,1
0x5F16,1
0x55C6,1
0xA265,1
0x79F3,1
0xEEE5,1
0xCEE0,1
0xF539,1
0xC91B,1
0x737A,1
0x1662,1
0xAEF6,1
0xAC8B,1
0x32C8,1
0x4D6D,1
0xC59A,1
0xB3D0,1
0x043F,1
0xE3C0,1
0x04F9,1
0x7561,1
0xA31E,1
0xE2D9,1
0xE90C,1
0x0A41,1
0x7FF6,1
0xC1BC,1
0x20BB,1
0x4F47,1
0xB561,1
0x763E,1
0xE1BD,1
0xDD6F,1
0x6376,1
0x83B2,1
0x02AD,1
0x90A4,1
0xA754,1
0x64C8,1
0x7A9B,1
0x0267,1
0x81F7,1
0x6D81,1
0x659E,1
0xA29E,1
0x0056,1
0x1C74,1
0x3DED,1
0x6710,1
0x4450,1
0xB1E9,1
0xA2D7,1
0xA972,1
0xFE3D,1
0x31BB,1
0x2BD4,1
0x8095,1
0xADF4,1
0x8F80,1
0x2002,1
0xBB78,1
0x5E24,1
0xC4F8,1
0x3DE8,1
0x6FC2,1
0x6B2F,1
0xE01A,1
0xEA2D,1
0x1567,1
0xC949,1
0x28E9,1
0xB712,1
0xE59F,1
0x2055,1
0x70AA,1
0xF993,1
0x446A,1
0xEF97,1
0x7694,1
0x1D4B,1
0xA6DA,1
0x8A4B,1
0x691F,1
0x0754,1
0xB772,1
0x4161,1
0xC18C,1
0x5882,1
0xCD71,1
0x2934,1
0xE040,1
0x8EB6,1
0xD815,1
0x06C7,1
0xD00A,1
0x9AA1,1
0xCA0B,1
0x318A,1
0x347B,1
0xF83F,1
0x4F73,1
0x046F,1
0x429C,1
0x96E4,1
0xF7FB,1
0x1E5F,1
0xE868,1
0xE551,1
0x34BB,1
0x4D50,1
0xA1C1,1
0xDD5C,1
0x35EA,1
0x2C3B,1
0x87C5,1
0x866F,1
0x9308,1
0x31E6,1
0xF81D,1
0xBEFD,1
0xE3E3,1
0x0B25,1
0x8031,1
0x8523,1
0x7985,1
0x40FF,1
0x79D4,1
0x9C2D,1
0xF860,1
0xF501,1
0x9137,1
0x90D9,1
0x5944,1
0xB6E7,1
0x03E1,1
0xCF92,1
0xFDF5,1
0x0E90,1
0x2F54,1
0x303B,1
0x87BB,1
0xD16A,1
0x075F,1
0x93D0,1
0x6615,1
0xFC52,1
0x46EC,1
0x466A,1
0xA03F,1
0x8564,1
0x0E0E,1
0xD138,1
0xF3B4,1
0x191C,1
0x2B55,1
0xB3EF,1
0xACB0,1
0xBBEC,1
0x501D,1
0x99EC,1
0x2911,1
0x8E9F,1
0x26D2,1
0x546E,1
0xB00E,1
0xB8DC,1
0xA2C8,1
0xC569,1
0x1BD6,1
0x8E8C,1
0xC5DA,1
0x95B6,1
0xE033,1
0x8B6A,1
0x1633,1
0xD9BC,1
0xE369,1
0xFE43,1
0xFFD4,1
0x1619,1
0xCD33,1
0x4141,1
0xBC14,1
0x04D5,1
0xEBAE,1
0x273C,1
0xD409,1
0x9582,1
0x7E22,1
0xB81E,1
0x6ABB,1
0x6E21,1
0x94FA,1
0x43FD,1
0x4C23,1
0xDDCB,1
0x7972,1
0x055B,1
0x1B9E,1
0x9E52,1
0xDAEC,1
0x8AA0,1
0x40F3,1
0x7E35,1
0x90EA,1
0x8A85,1
0x27FC,1
0xD74B,1
0x5A88,1
0xAFFB,1
0xFC33,1
0x1F90,1
0x5C0E,1
0xA3E8,1
0x6EF9,1
0x4849,1
0xE4DA,1
0x76CA,1
0x2774,1
0x2C17,1
0x612B,1
0x1107,1
0xDF84,1
0x4C9C,1
0x88C8,1
0x33BA,1
0x9BBB,1
0x234E,1
0x141B,1
0x464E,1
0x8199,1
0xAE03,1
0x13F4,1
0x2B34,1
0xE68A,1
0x7470,1
0x3419,1
0xA8A0,1
0xD3AE,1
0x8B9A,1
0x5F27,1
0x451C,1
0x643B,1
0x8480,1
0x1EC9,1
0xEBF4,1
0xB463,1
0x3D85,1
0xBFD7,1
0x06B4,1
0xFB41,1
0x758A,1
0xF736,1
0x843C,1
0x43A8,1
0x0806,1
0xFAF9,1
0x7DD0,1
0x10D2,1
0x8FA8,1
0x7B42,1
0xCBA1,1
0x6890,1
0x54C3,1
0x8AFE,1
0xA97D,1
0xA894,1
0xBEC6,1
0x0E44,1
0xEDCF,1
0x1DAE,1
0x5E94,1
0x5CE8,1
0x15D9,1
0xE29C,1
0x4EF3,1
0xB1F7,1
0xF9CD,1
0x0B56,1
0xE211,1
0x39B2,1
0xD9B8,1
0x5291,1
0xA188,1
0x50F4,1
0x15F3,1
0x9309,1
0x47D3,1
0x80FF,1
0xD782,1
0xE26E,1
0x7A7C,1
0x5C9C,1
0x30C4,1
0x9FB5,1
0xD837,1
0xD2FA,1
0x37D4,1
0xD4B5,1
0x73AF,1
0x4F28,1
0xD21C,1
0xAD06,1
0x670F,1
0x8705,1
0xF932,1
0x0630,1
0x6E2B,1
0xCBDC,1
0x0EBC,1
0x3DCA,1
0x28B7,1
0x2100,1
0x9757,1
0x0579,1
0xC72E,1
0xE29A,1
0x1DA2,1
0x5AA4,1
0xBED1,1
0xE0F3,1
0xBF58,1
0x1C5A,1
0x4066,1
0x8367,1
0x01AE,1
0x2B00,1
0x74BF,1
0xA842,1
0x83C6,1
0x75D8,1
0xC107,1
0x1762,1
0x3855,1
0xB3B7,1
0xCD75,1
0xDD51,1
0x97D5,1
0x38C3,1
0x5383,1
0x84F3,1
0x974B,1
0x7DD4,1
0x64FC,1
0x1755,1
0xB96B,1
0xFE86,1
0x8786,1
0x4DAA,1
0x5CE2,1
0xC1F7,1
0x6607,1
0x954E,1
0x10E8,1
0xBC74,1
0x37FD,1
0x95A0,1
0x3D59,1
0x91BB,1
0x1A40,1
0x2553,1
0x274E,1
0x7AF4,1
0x20B8,1
0x3AB6,1
0xFE3B,1
0x42C7,1
0x4900,1
0xDA38,1
0xDBD6,1
0x6B63,1
