timestamp,time_hours,svr_anomaly_score,workload_type,host_read_cmds_per_power_cycle,throttling_events,iops,bandwidth_read_gbps,bandwidth_write_gbps,percentage_used,failure_label
2025-02-11 00:01:27+00:00,0.0,4.801250289604745,mixed,45645453.86363637,0,114183.0,3.3,2.7,10,1
2025-02-11 00:03:04+00:00,0.026944444444444444,1.2266710931339304,sequential,13373664.40425532,0,13770.0,4.65,6.45,6,0
2025-02-11 00:03:31+00:00,0.034444444444444444,4.409186211087253,random,657419857.0,0,39634.0,1.8,2.04,6,0
2025-02-11 00:19:48+00:00,0.30583333333333335,0.36743783112154205,sequential,16617345.432432432,0,22677.0,4.05,6.3,3,0
2025-02-11 00:22:52+00:00,0.35694444444444445,0.6582145057807054,sequential,114102921.375,0,32207.0,6.6,2.55,10,0
2025-02-11 00:26:55+00:00,0.42444444444444446,6.761139138678118,sequential,45119578.31428572,0,18882.0,7.35,4.65,9,0
2025-02-11 00:26:55+00:00,0.42444444444444446,1.4455923975412546,random,20627163.88372093,0,69978.75,3.096,3.312,1,1
2025-02-11 00:32:45+00:00,0.5216666666666666,0.7428869529784237,sequential,17735853.82926829,0,89290.0,8.64,6.12,1,1
2025-02-11 00:32:48+00:00,0.5225,3.5629854239519148,mixed,582402877.3333334,0,80607.5,3.12,2.52,2,0
2025-02-11 00:41:43+00:00,0.6711111111111111,0.2587311218684505,sequential,11690054.81632653,0,25200.0,8.82,3.06,5,1
2025-02-11 00:45:14+00:00,0.7297222222222223,5.434278338898487,sequential,100233147.3125,0,60802.5,7.56,7.56,3,1
2025-02-11 00:47:53+00:00,0.7738888888888888,0.14802231652444675,sequential,33936627.208333336,0,34341.25,9.0,5.22,4,0
2025-02-11 00:49:25+00:00,0.7994444444444444,3.88236227084149,random,824022619.5,0,45965.0,1.656,2.52,3,0
2025-02-11 00:52:04+00:00,0.8436111111111111,2.374011120756485,random,98003564.6,0,76603.75,2.52,2.664,4,1
2025-02-11 00:57:04+00:00,0.9269444444444445,1.243625616397118,random,52592521.45945946,0,207018.75,2.016,2.808,3,0
2025-02-11 01:00:23+00:00,0.9822222222222222,2.7260702508906505,mixed,73523507.72727273,0,84285.0,2.0,4.7,1,0
2025-02-11 01:00:51+00:00,0.99,4.158394437976142,random,137533474.0,0,134660.0,0.72,1.62,6,0
2025-02-11 01:05:33+00:00,1.0683333333333334,7.718021449089299,sequential,40857615.52173913,0,80110.0,9.0,2.7,7,1
2025-02-11 01:07:33+00:00,1.1016666666666666,8.990550122587049,random,20390115.25,0,170032.5,4.032,1.152,5,0
2025-02-11 01:15:22+00:00,1.2319444444444445,1.0131293538751365,sequential,34594362.0,0,67153.75,7.74,8.46,4,0
2025-02-11 01:19:46+00:00,1.3052777777777778,4.0567425770369,random,91199228.52380952,0,60695.0,1.62,1.14,5,1
2025-02-11 01:28:48+00:00,1.4558333333333333,1.982884982170539,random,66129591.708333336,0,203938.75,1.584,1.224,9,0
2025-02-11 01:32:11+00:00,1.5122222222222221,0.037843910552162185,sequential,37436057.30555555,0,85506.25,9.36,2.16,8,0
2025-02-11 01:33:08+00:00,1.5280555555555555,2.4055747961910114,random,32889484.216216218,0,99817.5,1.296,3.384,8,1
2025-02-11 01:34:17+00:00,1.5472222222222223,7.509573531424913,random,158356629.6,0,148408.0,0.66,2.04,10,0
2025-02-11 01:36:44+00:00,1.5880555555555556,6.6252840642815585,random,20299367.355555557,0,110727.0,1.5,2.34,3,1
2025-02-11 01:39:31+00:00,1.6344444444444444,5.767620628937038,random,28952496.19148936,0,29461.0,1.44,1.98,6,1
2025-02-11 01:39:45+00:00,1.6383333333333334,0.7569392820381466,mixed,77596682.63157895,0,95829.0,2.4,1.9,3,0
2025-02-11 01:42:35+00:00,1.6855555555555555,6.528677886310707,random,22242493.944444444,0,171172.5,4.176,1.656,2,0
2025-02-11 01:43:58+00:00,1.708611111111111,6.648296022748809,sequential,12935960.704545455,0,15306.0,8.85,3.9,9,0
2025-02-11 01:45:42+00:00,1.7375,0.7426350193718463,mixed,23961799.423076924,0,80921.25,3.0,4.32,7,1
2025-02-11 01:51:54+00:00,1.8408333333333333,0.20457107246975426,mixed,46057682.692307696,0,124773.75,4.8,1.32,8,0
2025-02-11 01:52:15+00:00,1.8466666666666667,4.436902675755448,sequential,21014756.377777778,0,25854.0,7.95,3.75,1,0
2025-02-11 01:54:10+00:00,1.878611111111111,3.906188125439403,random,21921278.814814813,0,38903.75,2.664,2.304,9,0
2025-02-11 01:54:30+00:00,1.8841666666666668,5.750041326766251,sequential,55584071.551724136,0,21891.0,6.9,6.15,9,1
2025-02-11 01:56:53+00:00,1.923888888888889,5.090923938151963,random,84519761.25,0,26748.0,1.08,1.32,5,1
2025-02-11 01:59:24+00:00,1.9658333333333333,8.786341175353748,sequential,127655627.5,0,10633.0,1.8,4.95,8,1
2025-02-11 01:59:53+00:00,1.9738888888888888,6.683975641245382,random,28277502.285714287,0,45073.0,3.18,1.44,8,1
2025-02-11 02:01:14+00:00,1.996388888888889,2.3301023387729387,mixed,72021493.1904762,0,110480.0,1.2,3.9,7,0
2025-02-11 02:01:51+00:00,2.006666666666667,4.017725551298113,random,145235138.36363637,0,92457.5,2.448,2.52,5,0
2025-02-11 02:03:43+00:00,2.037777777777778,6.629367119998328,random,47552350.0,0,86910.0,1.86,1.02,4,1
2025-02-11 02:04:55+00:00,2.057777777777778,1.9340100492832804,sequential,30428705.76190476,0,41742.0,3.0,6.15,7,0
2025-02-11 02:05:27+00:00,2.066666666666667,1.9677599448875966,random,49785755.961538464,0,29703.75,2.52,1.08,7,0
2025-02-11 02:05:51+00:00,2.0733333333333333,0.19267800790223788,random,44872822.37142857,0,92419.0,2.46,2.88,1,0
2025-02-11 02:06:52+00:00,2.0902777777777777,1.5124777419967543,sequential,147739366.07692307,0,87506.25,2.34,5.04,5,0
2025-02-11 02:06:59+00:00,2.0922222222222224,0.3618325262546165,sequential,83934896.13333334,0,41511.0,3.6,6.6,2,0
2025-02-11 02:13:16+00:00,2.1969444444444446,2.5163864199910293,sequential,71416366.21428572,0,22755.0,5.04,5.04,7,0
2025-02-11 02:17:49+00:00,2.272777777777778,1.546715384912055,sequential,132558858.38461539,0,37577.5,9.72,2.16,3,0
2025-02-11 02:19:23+00:00,2.298888888888889,0.3116964095830781,random,52090651.26470588,0,150545.0,1.872,3.168,4,0
2025-02-11 02:24:10+00:00,2.3786111111111112,1.7812003195482617,sequential,158630645.33333334,0,32195.0,2.88,4.5,10,1
2025-02-11 02:25:40+00:00,2.403611111111111,3.2317784763393007,random,40343018.74468085,0,114522.5,2.736,2.592,6,1
2025-02-11 02:26:22+00:00,2.415277777777778,5.010573655100373,sequential,209537936.2857143,0,66555.0,4.14,5.04,9,0
2025-02-11 02:32:02+00:00,2.5097222222222224,0.11428834728540949,mixed,82183305.0,0,100260.0,1.4,3.0,6,1
2025-02-11 02:32:14+00:00,2.5130555555555554,2.8988676384265197,random,67100467.692307696,0,16611.0,1.5,2.52,4,1
2025-02-11 02:33:29+00:00,2.533888888888889,1.220259088207996,random,17245970.063829787,0,89437.0,2.34,2.64,7,1
2025-02-11 02:33:43+00:00,2.537777777777778,4.438104929176198,sequential,26025472.0,0,45402.0,7.05,5.1,10,1
2025-02-11 02:39:03+00:00,2.6266666666666665,2.612828263493668,random,55475554.65,0,69353.75,4.032,3.528,7,0
2025-02-11 02:40:31+00:00,2.651111111111111,5.466689744394323,mixed,105969670.0,0,79452.5,5.4,2.4,10,1
2025-02-11 02:47:04+00:00,2.7602777777777776,7.090602274278972,sequential,37930139.56,0,75078.75,8.82,4.68,10,0
2025-02-11 02:52:31+00:00,2.851111111111111,2.0866970988443256,sequential,72143991.85714285,0,78678.75,9.9,6.3,3,1
2025-02-11 02:58:08+00:00,2.944722222222222,1.0806194900878054,mixed,96147171.7,0,108044.0,4.7,2.3,6,0
2025-02-11 03:01:57+00:00,3.0083333333333333,4.902781486283189,mixed,60245275.40625,0,92497.0,2.7,4.5,2,0
2025-02-11 03:02:49+00:00,3.022777777777778,2.071661979634392,sequential,99636409.5,0,18949.0,2.55,2.4,8,1
2025-02-11 03:03:01+00:00,3.026111111111111,5.9252464251107035,sequential,52183914.518518515,0,44864.0,8.7,7.2,6,1
2025-02-11 03:03:14+00:00,3.0297222222222224,6.672578091711607,random,32918130.5,0,76047.5,1.656,2.088,8,0
2025-02-11 03:04:59+00:00,3.0588888888888888,6.670621395559579,sequential,65399810.44444445,0,61768.0,6.6,2.25,6,1
2025-02-11 03:08:38+00:00,3.1197222222222223,5.2393451284471375,sequential,35532785.184210524,0,33476.25,5.22,8.1,1,0
2025-02-11 03:10:41+00:00,3.153888888888889,2.164711498128163,sequential,24895599.4,0,34601.25,7.2,7.56,2,1
2025-02-11 03:11:10+00:00,3.1619444444444444,0.57044986464701,sequential,27402971.162162162,0,11761.25,4.32,8.1,6,0
2025-02-11 03:14:20+00:00,3.214722222222222,4.756356095005941,random,46085058.115384616,0,123783.0,3.0,2.22,2,0
2025-02-11 03:15:58+00:00,3.2419444444444445,3.918060576259741,sequential,49843938.233333334,0,24738.0,4.5,3.45,6,0
2025-02-11 03:17:06+00:00,3.2608333333333333,4.13525642084662,random,180446601.8888889,0,179830.0,0.792,2.664,7,1
2025-02-11 03:21:43+00:00,3.3377777777777777,7.453861437186486,random,21465785.333333332,0,139514.0,3.54,2.22,8,0
2025-02-11 03:27:31+00:00,3.4344444444444444,6.399247525408235,random,41881530.67741936,0,41294.0,1.68,2.46,4,1
2025-02-11 03:31:20+00:00,3.4980555555555557,1.2948342800533226,mixed,268781218.5714286,0,81149.0,1.7,2.2,2,1
2025-02-11 03:31:48+00:00,3.5058333333333334,3.7225527781075343,sequential,34246246.270833336,0,57271.0,5.25,6.0,1,1
2025-02-11 03:36:25+00:00,3.582777777777778,3.684054291539546,random,44949412.375,0,25803.75,4.248,1.08,6,1
2025-02-11 03:37:02+00:00,3.5930555555555554,4.956869210179178,random,34093646.833333336,0,91888.75,3.528,3.528,6,1
2025-02-11 03:37:42+00:00,3.6041666666666665,3.1217989159763206,random,158144444.0,0,100599.0,2.16,2.16,1,0
2025-02-11 03:51:23+00:00,3.832222222222222,1.433275030961795,sequential,58126838.35714286,0,48316.0,7.05,6.9,10,1
2025-02-11 03:54:59+00:00,3.8922222222222222,5.338663916713209,sequential,25058980.258064516,0,16232.0,3.9,6.75,4,0
2025-02-11 03:57:14+00:00,3.9297222222222223,9.161424727055902,mixed,130426107.26666667,0,61529.0,2.4,2.8,4,1
2025-02-11 03:59:20+00:00,3.964722222222222,4.582547470750946,sequential,36729407.809523806,0,8645.0,8.28,6.12,5,1
2025-02-11 03:59:43+00:00,3.971111111111111,3.622912353494428,mixed,28404393.42105263,0,67402.5,3.6,4.32,2,1
2025-02-11 03:59:44+00:00,3.971388888888889,3.8326083746098973,sequential,21966514.210526317,0,53535.0,5.85,2.4,1,0
2025-02-11 04:00:26+00:00,3.9830555555555556,3.8501179833314083,sequential,81544637.0,0,15546.25,4.14,5.76,10,1
2025-02-11 04:01:33+00:00,4.001666666666667,2.053603752270778,mixed,41980919.89655172,0,52615.0,1.9,2.8,8,1
2025-02-11 04:01:44+00:00,4.004722222222222,3.516648569763184,mixed,16223632.6,0,52119.0,3.9,3.6,6,0
2025-02-11 04:01:49+00:00,4.006111111111111,1.8525274315775278,mixed,37544814.15384615,0,20413.0,5.1,4.3,4,0
2025-02-11 04:06:16+00:00,4.080277777777778,6.7292582487904795,random,75524282.24,0,42478.0,2.76,3.0,8,0
2025-02-11 04:15:51+00:00,4.24,1.8580447312979018,sequential,72409142.26923077,0,60709.0,2.25,1.65,10,1
2025-02-11 04:16:58+00:00,4.258611111111111,2.4383757950476976,random,89325457.9090909,0,147427.5,1.944,0.936,3,0
2025-02-11 04:20:08+00:00,4.311388888888889,3.8779652790696275,random,25176653.42857143,0,26268.75,2.88,2.736,6,0
2025-02-11 04:27:34+00:00,4.435277777777777,1.5251641020019164,sequential,38839932.8,0,41124.0,4.95,6.3,3,0
2025-02-11 04:28:18+00:00,4.4475,2.987050389315641,random,31475679.444444444,0,76437.0,1.44,2.76,6,1
2025-02-11 04:37:09+00:00,4.595,4.01919936586382,random,44273879.84,0,82917.0,1.44,2.82,4,0
2025-02-11 04:37:59+00:00,4.608888888888889,2.59652677292533,sequential,22794969.972972974,0,47757.5,2.88,6.3,4,1
2025-02-11 04:38:25+00:00,4.6161111111111115,1.1980055988625935,mixed,51350457.868421055,0,78906.0,1.2,3.4,5,0
2025-02-11 04:39:42+00:00,4.6375,0.24789696980271003,random,54094744.92,0,159016.25,1.872,1.368,3,1
2025-02-11 04:44:23+00:00,4.7155555555555555,4.494122766697231,mixed,99487194.5,0,51128.0,1.5,4.0,3,0
2025-02-11 04:47:00+00:00,4.759166666666666,6.297767565629449,random,34339607.102564104,0,29380.0,2.34,0.9,5,1
2025-02-11 04:47:48+00:00,4.7725,2.805142210726416,random,77931121.14285715,0,41696.0,3.54,2.88,9,1
2025-02-11 04:48:00+00:00,4.775833333333333,3.7834168707163798,random,36466921.631578945,0,188632.5,1.296,3.168,7,0
2025-02-11 04:53:36+00:00,4.869166666666667,5.261575173998491,random,1121896215.0,0,160252.5,2.016,1.728,1,0
2025-02-11 04:59:20+00:00,4.964722222222222,7.484510592602831,mixed,36313421.875,0,101390.0,2.28,3.0,1,1
2025-02-11 05:01:47+00:00,5.0055555555555555,6.076950831270452,random,441550018.5,0,122455.0,2.34,2.82,7,0
2025-02-11 05:08:07+00:00,5.111111111111111,1.8243179710566224,mixed,40711460.60869565,0,115966.25,4.08,4.68,7,0
2025-02-11 05:12:21+00:00,5.181666666666667,1.6119975965471838,sequential,44176424.6,0,68212.0,8.85,7.2,10,0
2025-02-11 05:15:53+00:00,5.240555555555556,2.5571226205883875,sequential,34242175.255813956,0,82735.0,7.02,1.98,10,1
2025-02-11 05:24:37+00:00,5.386111111111111,3.874025067958499,sequential,44368407.38888889,0,79635.0,2.7,6.3,8,1
2025-02-11 05:35:13+00:00,5.562777777777778,0.26631077927498126,random,17647899.42,0,113105.0,2.448,2.232,1,1
2025-02-11 05:35:21+00:00,5.565,0.7564415239783457,random,146846079.875,0,150501.0,2.16,2.58,7,1
2025-02-11 05:38:15+00:00,5.613333333333333,3.2741339513258936,mixed,36433843.75862069,0,46106.25,2.4,1.92,3,0
2025-02-11 05:45:08+00:00,5.728055555555556,0.26729213584963674,sequential,86216771.09523809,0,64396.25,3.78,5.58,4,0
2025-02-11 05:49:56+00:00,5.808055555555556,2.3175439760750507,random,74054394.0,0,88704.0,1.98,1.08,6,1
2025-02-11 05:50:51+00:00,5.823333333333333,2.023201484212514,sequential,79046241.33333333,0,63035.0,8.64,7.74,3,0
2025-02-11 05:53:57+00:00,5.875,6.174738029442469,random,14861757.159090908,0,204216.25,2.016,2.592,1,1
2025-02-11 06:08:43+00:00,6.121111111111111,4.273740023495886,sequential,74858656.68181819,0,59713.0,5.25,6.45,7,0
2025-02-11 06:15:45+00:00,6.238333333333333,6.0157993588205585,random,21790229.307692308,0,135325.0,3.168,0.864,6,0
2025-02-11 06:23:29+00:00,6.367222222222222,3.472864332716526,mixed,47503038.71875,0,78527.0,4.3,3.9,2,1
2025-02-11 06:26:31+00:00,6.417777777777777,2.6659514981668195,random,30057125.0,0,153207.0,2.76,1.98,4,0
2025-02-11 06:27:53+00:00,6.440555555555555,5.016430504799892,sequential,115917279.8235294,0,40932.0,8.7,6.75,1,0
2025-02-11 06:28:58+00:00,6.458611111111111,1.6244200357817604,random,110119967.53846154,0,50317.0,1.44,1.08,1,1
2025-02-11 06:30:25+00:00,6.482777777777778,1.999231318899568,mixed,61478081.80645161,0,49892.5,3.36,5.04,1,1
2025-02-11 06:43:42+00:00,6.704166666666667,3.323355477689148,sequential,22811822.166666668,0,28383.75,9.18,6.84,3,0
2025-02-11 06:46:11+00:00,6.745555555555556,0.9041183298578304,random,33422126.583333332,0,53526.0,3.42,2.94,5,0
2025-02-11 06:47:08+00:00,6.761388888888889,1.242550155957467,random,46365129.45,0,132040.0,2.232,2.376,2,1
2025-02-11 06:55:49+00:00,6.9061111111111115,4.073131211093184,random,64590226.05263158,0,196111.25,1.008,1.44,8,0
2025-02-11 06:57:18+00:00,6.930833333333333,5.708219627938792,mixed,118361107.875,0,64907.5,1.56,5.76,10,0
2025-02-11 06:59:27+00:00,6.966666666666667,1.5557295567556864,mixed,46815317.027027026,0,105892.5,4.44,2.88,5,1
2025-02-11 07:00:50+00:00,6.989722222222222,7.697860277773941,random,39951631.7027027,0,37510.0,3.168,2.88,8,0
2025-02-11 07:01:39+00:00,7.003333333333333,4.703802535347123,random,15121400.55882353,0,102550.0,1.872,1.368,5,0
2025-02-11 07:06:54+00:00,7.090833333333333,0.10028020602462817,mixed,81610165.28571428,0,142465.0,6.84,4.56,1,0
2025-02-11 07:09:24+00:00,7.1325,2.242473597480789,random,277288887.5714286,0,128846.25,4.176,3.024,3,1
2025-02-11 07:10:10+00:00,7.145277777777777,2.012014848794621,random,23824205.472222224,0,23297.5,2.592,2.88,4,0
2025-02-11 07:13:41+00:00,7.203888888888889,5.094041721942418,sequential,16406048.023255814,0,10358.75,10.44,4.5,5,0
2025-02-11 07:25:03+00:00,7.3933333333333335,6.181095014126782,random,49719545.28125,0,101996.25,2.376,3.528,10,1
2025-02-11 07:25:22+00:00,7.398611111111111,3.8685863164280505,random,34273788.39393939,0,138216.0,2.88,2.34,6,0
2025-02-11 07:27:58+00:00,7.441944444444444,3.7798807317463385,mixed,305485494.1666667,0,90300.0,4.8,2.52,9,1
2025-02-11 07:28:25+00:00,7.4494444444444445,4.71145547205213,sequential,157751841.2222222,0,61711.25,6.66,5.04,1,0
2025-02-11 07:29:33+00:00,7.468333333333334,4.561053572683548,sequential,62302468.40740741,0,39936.0,3.6,3.3,10,1
2025-02-11 07:36:46+00:00,7.588611111111111,2.6091585894217815,sequential,1977623241.0,0,10027.0,7.65,5.4,6,1
2025-02-11 07:41:00+00:00,7.659166666666667,5.02376350330313,sequential,47044053.484848484,0,84773.75,9.0,8.1,1,0
2025-02-11 07:47:01+00:00,7.759444444444444,4.176002759894139,sequential,70373435.6923077,0,32324.0,2.1,2.25,4,0
2025-02-11 07:48:01+00:00,7.776111111111111,4.7925862693183205,random,103385104.83333333,0,161013.75,2.376,2.808,1,0
2025-02-11 07:50:02+00:00,7.809722222222222,6.884284226523523,mixed,27019423.469387755,0,66671.0,1.6,2.1,8,0
2025-02-11 07:52:02+00:00,7.843055555555556,1.5389871384713274,sequential,133269519.0,0,21761.25,10.8,7.74,2,1
2025-02-11 07:52:14+00:00,7.846388888888889,6.205372980022055,mixed,1294144149.0,0,108416.0,2.0,4.9,6,1
2025-02-11 07:52:19+00:00,7.847777777777778,5.013132946273217,sequential,135668215.25,0,42428.75,10.44,1.8,4,1
2025-02-11 07:52:58+00:00,7.858611111111111,1.7508813326319697,mixed,139659539.5,0,45930.0,5.2,1.0,10,0
2025-02-11 07:56:22+00:00,7.915277777777778,3.632448683908116,sequential,30555569.04761905,0,83700.0,7.92,6.12,5,0
2025-02-11 07:57:22+00:00,7.9319444444444445,2.9507614446953596,random,72927953.54545455,0,14389.0,1.44,2.94,10,1
2025-02-11 07:59:39+00:00,7.97,3.02083937555377,random,17493769.06122449,0,186677.5,0.72,0.936,6,1
2025-02-11 08:03:38+00:00,8.036388888888888,1.1235547161694157,random,61020423.7368421,0,22761.0,2.58,2.04,3,0
2025-02-11 08:09:01+00:00,8.126111111111111,1.4631423138766948,sequential,78004297.20833333,0,11292.5,1.8,3.96,1,1
2025-02-11 08:09:01+00:00,8.126111111111111,1.2693024351088056,random,31317258.166666668,0,48275.0,1.728,2.592,6,1
2025-02-11 08:12:57+00:00,8.191666666666666,3.7229957284817736,sequential,25360644.216216218,0,64368.75,4.68,5.04,5,0
2025-02-11 08:15:03+00:00,8.226666666666667,5.573841903967519,sequential,200695070.1111111,0,48153.0,6.15,2.4,5,0
2025-02-11 08:15:16+00:00,8.230277777777777,1.431634373900252,sequential,964232451.5,0,71995.0,3.06,2.7,7,0
2025-02-11 08:18:44+00:00,8.288055555555555,0.7476802331403505,random,21827955.416666668,0,115242.5,0.936,2.736,4,1
2025-02-11 08:18:48+00:00,8.289166666666667,2.5912368051447814,sequential,29685341.586956523,0,39136.0,6.15,2.7,1,0
2025-02-11 08:19:08+00:00,8.294722222222223,4.443515202816528,mixed,40231426.15789474,0,103778.0,4.6,4.2,7,0
2025-02-11 08:19:41+00:00,8.303888888888888,7.83204723025284,random,108313757.8888889,0,54646.25,1.44,1.152,9,0
2025-02-11 08:23:26+00:00,8.366388888888888,4.612341756255297,random,48306420.9375,0,72002.0,2.46,1.68,1,0
2025-02-11 08:27:49+00:00,8.439444444444444,5.286226263394958,random,60408004.05263158,0,94693.75,2.664,1.224,3,0
2025-02-11 08:28:06+00:00,8.444166666666666,0.35096284338145267,mixed,343400949.0,0,106986.0,1.1,4.2,8,0
2025-02-11 08:36:57+00:00,8.591666666666667,0.10590511546331527,random,33180402.28,0,103068.0,3.48,1.98,8,1
2025-02-11 08:43:42+00:00,8.704166666666667,4.67313761808218,sequential,31727456.846153848,0,41745.0,5.55,3.3,10,1
2025-02-11 08:47:58+00:00,8.775277777777777,6.739380520188746,sequential,125557054.0,0,53936.25,2.34,2.16,7,0
2025-02-11 08:53:24+00:00,8.865833333333333,3.866244545837514,random,108315266.0,0,89652.5,1.368,3.456,5,1
2025-02-11 08:57:10+00:00,8.928611111111111,0.43608048133624067,mixed,321941810.5,0,15477.5,3.48,1.32,7,0
2025-02-11 09:00:43+00:00,8.987777777777778,0.6036934467238595,random,109123280.83333333,0,154947.5,2.088,2.232,10,0
2025-02-11 09:02:18+00:00,9.014166666666666,5.803133521619717,mixed,111297864.0,0,23767.5,4.92,2.04,9,0
2025-02-11 09:03:58+00:00,9.041944444444445,1.5393686375401288,random,37391216.24390244,0,77813.0,1.92,2.52,6,0
2025-02-11 09:10:28+00:00,9.150277777777777,4.109752475852055,sequential,44820608.428571425,0,82697.5,3.24,5.94,6,0
2025-02-11 09:17:44+00:00,9.27138888888889,4.373181557965289,random,41243199.14285714,0,158548.0,1.56,1.62,8,1
2025-02-11 09:25:53+00:00,9.407222222222222,0.4468087560019498,sequential,32131958.7,0,53628.75,2.88,3.6,3,1
2025-02-11 09:30:28+00:00,9.483611111111111,3.234102022728006,random,48116633.64516129,0,88897.5,1.008,2.448,6,0
2025-02-11 09:44:59+00:00,9.725555555555555,5.2106213920585915,sequential,26946923.9,0,65672.5,6.66,7.2,5,0
2025-02-11 09:45:53+00:00,9.740555555555556,0.030417506673188655,random,56411964.375,0,77681.0,1.26,2.16,9,0
2025-02-11 09:47:34+00:00,9.768611111111111,1.2924417823467138,random,109126587.33333333,0,146705.0,1.728,3.384,4,0
2025-02-11 09:53:49+00:00,9.872777777777777,5.915405858221689,random,89247404.55555555,0,120575.0,3.96,3.168,10,1
2025-02-11 09:56:33+00:00,9.918333333333333,5.363509488684876,mixed,11322906.734693877,0,20470.0,1.1,1.9,9,1
2025-02-11 09:58:09+00:00,9.945,2.7494345475526885,mixed,27439065.673469387,0,81126.0,1.6,2.4,8,0
2025-02-11 10:03:11+00:00,10.028888888888888,0.2285691640455596,sequential,11444512.043478262,0,30065.0,2.16,4.86,4,0
2025-02-11 10:07:00+00:00,10.0925,3.6068484080491032,sequential,32433258.51020408,0,56544.0,2.85,3.3,3,1
2025-02-11 10:09:12+00:00,10.129166666666666,1.7442032870330948,mixed,46437187.47058824,0,19493.75,5.88,2.28,4,1
2025-02-11 10:10:54+00:00,10.1575,2.8143411364629856,sequential,38223180.375,0,44427.0,2.1,5.4,8,1
2025-02-11 10:12:10+00:00,10.178611111111111,1.7136617414090836,mixed,47545764.2,0,87130.0,3.0,1.9,3,0
2025-02-11 10:12:32+00:00,10.184722222222222,2.187234094512398,random,49801043.1,0,17823.75,3.384,0.864,9,0
2025-02-11 10:14:02+00:00,10.209722222222222,6.375408816263313,sequential,139671047.75,0,26696.0,8.85,6.6,2,1
2025-02-11 10:14:23+00:00,10.215555555555556,2.159331070610314,random,156574635.25,0,153491.25,4.104,1.728,7,0
2025-02-11 10:21:16+00:00,10.330277777777777,3.161609334928343,random,91276058.125,0,156492.0,3.3,2.4,10,1
2025-02-11 10:23:26+00:00,10.366388888888888,3.944846339189027,sequential,52470507.2,0,62238.75,10.26,5.94,7,1
2025-02-11 10:27:27+00:00,10.433333333333334,2.9168814058918144,mixed,25924751.463414636,0,39780.0,1.4,4.7,10,1
2025-02-11 10:30:19+00:00,10.481111111111112,4.037393917227291,mixed,13176415.62,0,80483.0,5.1,3.5,3,0
2025-02-11 10:34:10+00:00,10.545277777777779,7.224678983897022,mixed,23336686.051282052,0,117602.0,5.0,2.6,5,1
2025-02-11 10:40:59+00:00,10.658888888888889,0.021492962484565226,sequential,48393658.25,0,49422.5,6.3,6.48,8,1
2025-02-11 10:43:14+00:00,10.696388888888889,0.1566511198822056,random,318584829.6666667,0,122615.0,4.104,2.304,1,1
2025-02-11 10:45:41+00:00,10.737222222222222,1.1331546358182933,mixed,46049684.069767445,0,66016.0,3.0,4.6,1,1
2025-02-11 10:50:43+00:00,10.821111111111112,2.457303458013058,sequential,39841069.7027027,0,24359.0,3.45,7.2,2,0
2025-02-11 11:00:19+00:00,10.981111111111112,4.151063711737976,random,56870715.43478261,0,63910.0,1.08,2.304,1,0
2025-02-11 11:00:51+00:00,10.99,7.149096138444982,random,94323358.07142857,0,30605.0,1.2,1.74,6,0
2025-02-11 11:07:02+00:00,11.093055555555555,2.4684508296401546,random,228454387.5,0,159824.0,2.16,2.58,10,1
2025-02-11 11:08:50+00:00,11.123055555555556,3.0052824120656254,random,14454706.916666666,0,148639.0,2.34,1.14,6,1
2025-02-11 11:10:16+00:00,11.146944444444445,4.940004310830076,random,21601628.774193548,0,23212.0,0.66,2.22,6,1
2025-02-11 11:17:10+00:00,11.261944444444444,0.7268689705791331,random,74436988.3076923,0,98037.0,1.26,1.5,4,0
2025-02-11 11:19:59+00:00,11.30888888888889,3.9357440177446605,random,131964657.9,0,151260.0,1.944,1.656,9,0
2025-02-11 11:27:31+00:00,11.434444444444445,0.01719573456711032,random,16623913.030303031,0,126031.25,1.944,2.952,10,1
2025-02-11 11:28:11+00:00,11.445555555555556,1.4787999481633562,random,72141505.0,0,44408.75,2.664,1.512,7,1
2025-02-11 11:30:29+00:00,11.483888888888888,0.13996216088213487,sequential,238505852.2,0,33274.0,5.85,2.4,1,1
2025-02-11 11:32:18+00:00,11.514166666666666,4.907474856859345,mixed,15237523.476190476,0,134971.25,1.68,5.88,2,0
2025-02-11 11:33:14+00:00,11.529722222222222,3.8028131317978158,random,19485612.384615384,0,158901.25,3.528,2.088,8,1
2025-02-11 11:40:34+00:00,11.651944444444444,2.908127080296161,random,974798548.5,0,68034.0,2.22,1.5,6,1
2025-02-11 11:41:38+00:00,11.669722222222223,1.3274498952818021,random,41546402.131578945,0,119810.0,3.888,1.296,8,1
2025-02-11 11:44:35+00:00,11.71888888888889,4.6066625152563105,mixed,313023486.8,0,22681.0,1.3,2.1,2,0
2025-02-11 12:02:41+00:00,12.020555555555555,3.8703206205269467,random,57674685.0,0,148290.0,1.86,1.74,10,1
2025-02-11 12:05:37+00:00,12.069444444444445,5.842406907737633,random,438647032.0,0,155860.0,1.26,2.76,3,0
2025-02-11 12:05:48+00:00,12.0725,1.90144412257429,random,81572214.5,0,181976.25,1.872,3.168,6,1
2025-02-11 12:09:52+00:00,12.140277777777778,4.30343772423079,random,18843238.066666666,0,184976.25,3.24,3.024,10,1
2025-02-11 12:10:56+00:00,12.158055555555556,0.3841093820371597,sequential,176623931.1818182,0,16727.5,6.48,5.94,9,0
2025-02-11 12:11:01+00:00,12.159444444444444,0.5035942534026674,random,35401488.104166664,0,87530.0,0.78,2.34,10,1
2025-02-11 12:13:58+00:00,12.20861111111111,5.8560275768168815,sequential,25806531.295454547,0,52686.25,7.92,3.06,1,1
2025-02-11 12:14:31+00:00,12.217777777777778,3.1506418757299457,mixed,10534305.041666666,0,25717.5,3.84,1.8,6,1
2025-02-11 12:18:03+00:00,12.276666666666667,7.485084596711673,mixed,42572588.37037037,0,126075.0,1.92,2.88,10,0
2025-02-11 12:20:44+00:00,12.321388888888889,2.9953519754741755,mixed,32318286.944444444,0,29941.25,3.48,3.24,8,0
2025-02-11 12:23:57+00:00,12.375,1.0313824336313715,sequential,366059066.6666667,0,20557.0,6.15,6.15,6,1
2025-02-11 12:24:23+00:00,12.382222222222222,3.6951650397020757,mixed,60664326.925925925,0,92662.0,2.8,2.8,2,0
2025-02-11 12:24:48+00:00,12.389166666666666,3.744862101900381,random,99144820.33333333,0,198547.5,1.368,0.936,7,1
2025-02-11 12:28:22+00:00,12.448611111111111,1.1563691600688983,sequential,69939915.0,0,9440.0,7.74,3.78,2,0
2025-02-11 12:33:19+00:00,12.53111111111111,1.406273036155035,random,53924059.47058824,0,199701.25,1.944,1.584,8,1
2025-02-11 12:33:29+00:00,12.533888888888889,5.191492436265968,mixed,100634191.2,0,113276.25,4.56,3.6,9,0
2025-02-11 12:38:54+00:00,12.624166666666667,2.7256017913802246,random,17932652.95744681,0,161275.0,2.52,0.9,1,0
2025-02-11 12:41:26+00:00,12.66638888888889,0.9480469680566159,sequential,39028084.35714286,0,27162.5,9.36,1.98,7,0
2025-02-11 12:42:14+00:00,12.679722222222223,4.685938221116082,mixed,21819400.291666668,0,40138.75,3.6,5.04,9,1
2025-02-11 12:56:47+00:00,12.922222222222222,2.481143281241444,mixed,69672579.75,0,149345.0,4.32,1.68,10,1
2025-02-11 12:56:59+00:00,12.925555555555556,1.912718314373521,random,38007897.23809524,0,162896.25,1.512,2.016,7,1
2025-02-11 12:59:33+00:00,12.968333333333334,0.21974997483268055,mixed,43793938.0,0,117333.0,2.3,1.8,7,0
2025-02-11 13:07:13+00:00,13.096111111111112,4.999015536065187,mixed,46797494.615384616,0,33213.75,3.72,3.24,5,0
2025-02-11 13:08:28+00:00,13.116944444444444,1.0618424206993708,random,124634041.53333333,0,136702.5,2.664,2.232,3,1
2025-02-11 13:08:53+00:00,13.123888888888889,4.610599974877907,random,101233369.33333333,0,116441.25,1.44,1.44,9,1
2025-02-11 13:13:44+00:00,13.204722222222221,5.383960698422399,mixed,15283741.326530613,0,53850.0,5.3,2.5,5,0
2025-02-11 13:13:54+00:00,13.2075,5.183149209606299,sequential,24824953.133333333,0,55486.25,4.5,6.48,8,0
2025-02-11 13:15:35+00:00,13.235555555555555,3.539602544539534,sequential,274032408.4285714,0,17698.0,7.8,2.7,6,0
2025-02-11 13:18:32+00:00,13.284722222222221,1.9056554517487498,random,20629914.166666668,0,101117.5,2.016,0.864,10,0
2025-02-11 13:19:05+00:00,13.293888888888889,7.294944537047257,sequential,19439443.063829787,0,50038.0,2.7,3.6,1,0
2025-02-11 13:26:24+00:00,13.415833333333333,1.351459332748334,mixed,95666912.6,0,83611.25,6.0,3.72,9,1
2025-02-11 13:36:46+00:00,13.588611111111112,5.090200465747998,sequential,204438730.14285713,0,14377.0,3.75,2.7,3,1
2025-02-11 13:43:12+00:00,13.695833333333333,4.892295179405373,random,76113697.3,0,144931.25,3.096,3.24,1,1
2025-02-11 13:45:23+00:00,13.732222222222223,3.4617769633588225,random,28031956.0,0,175962.5,1.8,1.944,3,0
2025-02-11 13:51:52+00:00,13.840277777777779,5.372330147500001,sequential,262588224.66666666,0,24287.5,5.4,7.74,9,0
2025-02-11 13:53:17+00:00,13.863888888888889,2.4023661696091025,sequential,39800018.44,0,33042.0,7.2,6.9,4,1
2025-02-11 13:57:27+00:00,13.933333333333334,8.577181890527982,random,106746577.57142857,0,192325.0,3.528,2.232,9,1
2025-02-11 13:58:51+00:00,13.956666666666667,3.6999565287869984,random,39830896.868421055,0,107722.5,4.104,3.024,3,1
2025-02-11 14:00:05+00:00,13.977222222222222,1.306378305642724,sequential,37257375.4375,0,6225.0,6.75,5.25,1,0
2025-02-11 14:10:26+00:00,14.149722222222222,4.943578338831649,sequential,26739614.346938774,0,50090.0,3.9,6.75,8,0
2025-02-11 14:13:43+00:00,14.204444444444444,3.0005181142654678,sequential,13075859.444444444,0,53703.75,7.02,4.5,6,1
2025-02-11 14:13:44+00:00,14.204722222222221,2.3243336657687834,sequential,238468420.75,0,68835.0,9.0,4.68,8,1
2025-02-11 14:27:21+00:00,14.431666666666667,0.17812399919810673,sequential,322641569.6,0,43107.5,6.48,8.28,5,0
2025-02-11 14:27:24+00:00,14.4325,1.2955999082835348,sequential,41666389.38235294,0,59710.0,6.0,2.85,4,0
2025-02-11 14:29:04+00:00,14.460277777777778,0.9297371382719106,mixed,84495458.2173913,0,36556.0,3.4,1.3,3,1
2025-02-11 14:30:37+00:00,14.48611111111111,0.35553876812681295,sequential,230392982.0,0,40408.0,6.75,7.05,7,0
2025-02-11 14:34:56+00:00,14.558055555555555,0.5798831845783567,mixed,85008486.64705883,0,20901.0,2.4,4.4,8,1
2025-02-11 14:35:12+00:00,14.5625,3.6401996531873273,random,84878677.15789473,0,27528.0,2.7,1.74,10,0
2025-02-11 14:37:52+00:00,14.606944444444444,2.4145106974544035,sequential,41243585.333333336,0,67268.75,9.54,3.06,4,0
2025-02-11 14:38:55+00:00,14.624444444444444,4.264910921319476,random,17080834.613636363,0,162859.0,1.08,1.62,7,1
2025-02-11 14:40:19+00:00,14.647777777777778,4.315133610259011,sequential,35786685.55,0,40472.5,9.72,7.92,4,1
2025-02-11 14:41:09+00:00,14.661666666666667,0.543461508579,random,95680376.75,0,86930.0,1.14,1.74,2,1
2025-02-11 14:43:59+00:00,14.70888888888889,6.516089842490302,sequential,72049356.41176471,0,71073.0,4.95,7.35,1,0
2025-02-11 14:46:08+00:00,14.744722222222222,5.712912040716596,random,15500073.804878049,0,100455.0,2.088,1.296,7,0
2025-02-11 14:46:18+00:00,14.7475,6.554117928281329,random,20980760.74468085,0,113289.0,1.74,1.56,9,0
2025-02-11 14:48:19+00:00,14.78111111111111,0.5912486145851901,sequential,72138863.36,0,16613.0,7.5,6.45,6,1
2025-02-11 14:48:21+00:00,14.781666666666666,1.9633578020825837,random,45763394.10714286,0,84348.0,2.28,2.28,5,0
2025-02-11 14:48:33+00:00,14.785,5.7445890287917365,sequential,117120643.0,0,31923.0,4.65,4.35,4,0
2025-02-11 14:49:48+00:00,14.805833333333334,5.733018781802926,random,56774971.85294118,0,134969.0,1.14,1.38,3,0
2025-02-11 14:56:03+00:00,14.91,3.7990145179609627,random,229160254.75,0,154217.5,3.384,2.232,6,1
2025-02-11 14:56:07+00:00,14.911111111111111,1.786207883844341,sequential,35915658.058823526,0,8136.0,7.8,4.35,7,1
2025-02-11 15:00:35+00:00,14.985555555555555,3.878445412026153,sequential,35931187.30612245,0,14841.0,7.2,3.6,7,1
2025-02-11 15:01:13+00:00,14.99611111111111,0.8416204175803088,sequential,41780609.46341463,0,32381.25,8.1,8.64,7,1
2025-02-11 15:02:57+00:00,15.025,5.468921237451756,random,31323450.64285714,0,107590.0,2.592,2.016,1,0
2025-02-11 15:04:10+00:00,15.045277777777779,6.997852145874241,sequential,37530509.86363637,0,48342.0,7.35,6.15,10,0
2025-02-11 15:05:24+00:00,15.065833333333334,5.711510528827805,sequential,11962699.51111111,0,55279.0,4.65,4.2,9,1
2025-02-11 15:05:30+00:00,15.0675,2.8241795193875987,random,29502913.515151516,0,123397.0,2.22,2.04,8,0
2025-02-11 15:07:14+00:00,15.096388888888889,0.6586800521904195,random,33091785.71875,0,197472.5,4.032,2.016,7,1
2025-02-11 15:08:54+00:00,15.124166666666667,0.6058008656574643,random,23764392.102040816,0,203860.0,1.008,1.584,10,0
2025-02-11 15:11:08+00:00,15.161388888888888,2.301752626459141,random,22007538.17073171,0,36800.0,0.864,2.304,8,1
2025-02-11 15:12:37+00:00,15.186111111111112,3.99499269011622,sequential,238757705.0,0,45802.0,2.85,1.8,6,0
2025-02-11 15:14:44+00:00,15.221388888888889,1.2881371224422367,sequential,64652521.375,0,67325.0,8.46,6.3,6,1
2025-02-11 15:20:22+00:00,15.315277777777778,6.757062029502222,sequential,53057441.51612903,0,56548.0,3.6,1.65,4,1
2025-02-11 15:21:45+00:00,15.338333333333333,1.578231577990934,random,26622393.777777776,0,81480.0,1.02,1.62,7,0
2025-02-11 15:22:09+00:00,15.345,1.338538400765934,sequential,43991523.21212121,0,54170.0,5.58,1.98,10,1
2025-02-11 15:28:04+00:00,15.44361111111111,1.127150167169134,random,167309853.2,0,73203.0,0.66,1.2,10,1
2025-02-11 15:32:25+00:00,15.516111111111112,3.678798704560254,mixed,44599972.9,0,56486.25,3.24,1.32,5,1
2025-02-11 15:33:47+00:00,15.53888888888889,5.645005071966416,mixed,38292534.266666666,0,141121.25,1.32,3.12,6,1
2025-02-11 15:46:53+00:00,15.757222222222222,1.0301099766051465,random,1324915587.0,0,153377.0,3.18,2.7,7,1
2025-02-11 15:47:51+00:00,15.773333333333333,2.914661368756775,random,39979068.55555555,0,199741.25,3.816,1.008,4,0
2025-02-11 15:48:45+00:00,15.788333333333334,3.880305897606849,random,64182912.137931034,0,27137.0,0.9,1.32,4,1
2025-02-11 15:50:10+00:00,15.811944444444444,3.705973886358837,sequential,24509727.111111112,0,55228.75,6.12,2.88,1,1
2025-02-11 15:52:45+00:00,15.855,0.041833280220615165,mixed,58534915.52941176,0,78330.0,1.5,3.5,2,1
2025-02-11 15:53:36+00:00,15.869166666666667,4.856967835952453,mixed,46869343.0,0,142200.0,4.44,5.64,9,1
2025-02-11 15:55:52+00:00,15.906944444444445,2.5754259287351218,sequential,334809292.0,0,65051.0,2.85,6.75,1,1
2025-02-11 15:56:02+00:00,15.909722222222221,0.4170866926256096,mixed,16746848.425531914,0,90301.0,4.2,2.6,6,0
2025-02-11 16:00:38+00:00,15.98638888888889,0.6330311962946453,sequential,177943852.16666666,0,81091.25,1.98,9.0,6,1
2025-02-11 16:03:21+00:00,16.031666666666666,4.900178983755502,random,44867648.51428571,0,71934.0,2.4,0.9,3,0
2025-02-11 16:04:04+00:00,16.04361111111111,2.762383111568294,sequential,25498667.55319149,0,58613.75,10.62,8.46,9,0
2025-02-11 16:07:40+00:00,16.10361111111111,1.346878401689132,sequential,25383316.027027026,0,80568.75,8.28,5.4,8,0
2025-02-11 16:10:29+00:00,16.150555555555556,0.8707729290445272,mixed,43322618.58695652,0,50258.75,6.72,3.96,4,0
2025-02-11 16:17:50+00:00,16.273055555555555,4.906816931167498,sequential,163803434.72727272,0,16220.0,9.18,8.1,9,1
2025-02-11 16:21:33+00:00,16.335,6.40805704466262,sequential,38990587.666666664,0,22554.0,2.7,3.6,5,0
2025-02-11 16:22:19+00:00,16.34777777777778,0.22601446528939562,random,55512966.91304348,0,127765.0,2.016,2.304,10,1
2025-02-11 16:24:25+00:00,16.38277777777778,3.751300290264247,mixed,249661188.57142857,0,55478.75,6.96,3.36,10,0
2025-02-11 16:24:52+00:00,16.39027777777778,0.6349052349430266,mixed,64256347.05,0,86021.0,3.8,3.8,8,1
2025-02-11 16:33:28+00:00,16.53361111111111,2.6836260776810335,mixed,81825094.625,0,37072.5,1.32,2.4,7,1
2025-02-11 16:35:36+00:00,16.569166666666668,5.369855449347401,random,53030257.875,0,79438.0,3.3,2.22,9,0
2025-02-11 16:41:46+00:00,16.671944444444446,4.345057978617039,sequential,163865981.5,0,29999.0,3.0,1.5,4,0
2025-02-11 16:48:49+00:00,16.789444444444445,5.137703929205664,random,39295938.675675675,0,126974.0,1.92,0.96,9,1
2025-02-11 16:51:07+00:00,16.82777777777778,1.2300129621235811,sequential,39018976.690476194,0,41078.75,5.58,7.02,4,1
2025-02-11 16:55:55+00:00,16.907777777777778,3.3596234492890886,random,158318042.72727272,0,89046.25,3.672,1.512,8,0
2025-02-11 16:56:06+00:00,16.910833333333333,1.5730261820956457,random,27044220.485714287,0,202973.75,4.248,2.736,7,0
2025-02-11 16:56:50+00:00,16.923055555555557,4.465868563443877,random,362111600.0,0,201935.0,3.744,3.096,2,1
2025-02-11 17:02:42+00:00,17.020833333333332,1.2481212521481027,mixed,134818199.8,0,145116.25,4.08,3.84,4,1
2025-02-11 17:04:33+00:00,17.051666666666666,0.2329483460688806,sequential,866050698.5,0,25691.25,6.66,7.92,3,0
2025-02-11 17:10:09+00:00,17.145,2.827306910542319,random,32711749.541666668,0,35560.0,1.02,1.2,2,1
2025-02-11 17:13:57+00:00,17.208333333333332,2.225113970402674,sequential,34872254.13333333,0,63268.0,6.15,7.35,5,0
2025-02-11 17:18:26+00:00,17.283055555555556,4.052595510020055,random,65114743.28,0,79434.0,2.76,0.9,10,1
2025-02-11 17:19:44+00:00,17.30472222222222,1.8366188648730528,mixed,35690268.18,0,101106.0,2.2,4.4,1,0
2025-02-11 17:19:58+00:00,17.308611111111112,2.11046804522865,random,100219696.75,0,155070.0,2.664,1.152,5,0
2025-02-11 17:26:24+00:00,17.41583333333333,4.305775901939619,random,35115899.666666664,0,27822.5,3.672,0.936,7,0
2025-02-11 17:27:54+00:00,17.440833333333334,0.464758657728666,sequential,52221905.333333336,0,57318.0,2.85,5.1,6,1
2025-02-11 17:29:40+00:00,17.470277777777778,2.4888369838310638,random,31229246.979166668,0,77145.0,3.3,2.34,1,1
2025-02-11 17:37:39+00:00,17.60333333333333,4.9591725518966285,mixed,37693019.35294118,0,62988.75,3.0,1.32,7,0
2025-02-11 17:38:28+00:00,17.616944444444446,0.570305172736056,random,91181992.27777778,0,20740.0,2.664,1.728,2,0
2025-02-11 17:41:04+00:00,17.66027777777778,0.029525761856739052,random,283002471.3333333,0,170546.25,2.952,2.952,9,1
2025-02-11 17:42:13+00:00,17.679444444444446,3.6491427594188792,sequential,32551713.413043477,0,17452.0,3.15,7.35,3,0
2025-02-11 17:45:03+00:00,17.726666666666667,5.765790326875138,sequential,868091655.0,0,16462.5,5.4,9.0,7,1
2025-02-11 17:51:36+00:00,17.835833333333333,3.359776106947905,random,46773879.222222224,0,120405.0,3.672,3.384,1,0
2025-02-11 17:57:20+00:00,17.93138888888889,3.4658292342052306,random,46937356.10526316,0,38913.0,1.92,1.14,10,0
2025-02-11 18:01:30+00:00,18.000833333333333,6.304454817768811,sequential,199503464.66666666,0,87796.25,9.0,7.92,8,0
2025-02-11 18:04:55+00:00,18.057777777777776,0.8592131545132418,sequential,76054220.08,0,25930.0,7.74,7.92,7,1
2025-02-11 18:05:28+00:00,18.066944444444445,6.20077266358394,mixed,58380715.51724138,0,20941.0,1.7,2.0,9,1
2025-02-11 18:09:25+00:00,18.13277777777778,3.1550648474996947,sequential,1378040815.0,0,50187.0,1.65,5.55,2,0
2025-02-11 18:09:36+00:00,18.135833333333334,1.6099010207028712,sequential,30985171.0,0,37234.0,7.5,3.3,6,1
2025-02-11 18:17:31+00:00,18.267777777777777,4.491753573621125,sequential,61378550.222222224,0,33995.0,9.36,8.1,4,0
2025-02-11 18:19:04+00:00,18.29361111111111,3.3849603940768915,sequential,48910971.277777776,0,43152.0,7.95,3.15,7,1
2025-02-11 18:22:24+00:00,18.349166666666665,5.435074216652268,random,46994250.35714286,0,146668.75,1.584,1.728,10,0
2025-02-11 18:22:36+00:00,18.3525,1.4963684606949386,sequential,59516975.36666667,0,62787.0,8.7,3.0,3,1
2025-02-11 18:22:37+00:00,18.352777777777778,7.454651774125381,random,349756875.4,0,25103.75,1.584,1.944,1,0
2025-02-11 18:23:56+00:00,18.37472222222222,5.714255174738788,mixed,57842687.0,0,108448.75,6.72,5.28,4,1
2025-02-11 18:24:25+00:00,18.38277777777778,1.144186117455046,random,51918803.266666666,0,27457.5,3.456,2.88,9,1
2025-02-11 18:26:00+00:00,18.409166666666668,0.5396594861706276,sequential,52484918.222222224,0,38800.0,3.45,5.55,4,1
2025-02-11 18:26:26+00:00,18.41638888888889,6.607277188858475,sequential,38660821.71428572,0,23937.5,6.3,3.24,4,0
2025-02-11 18:26:31+00:00,18.41777777777778,1.75053739180127,mixed,37552573.75757576,0,49932.5,3.48,5.76,6,1
2025-02-11 18:27:40+00:00,18.436944444444446,0.7742290642851941,sequential,11824801.89361702,0,22880.0,8.4,3.45,4,0
2025-02-11 18:29:36+00:00,18.469166666666666,4.338679054719293,sequential,12958902.288888888,0,56828.0,1.95,3.9,3,0
2025-02-11 18:32:01+00:00,18.509444444444444,5.163945048892401,random,88193819.1,0,203636.25,0.864,1.368,7,1
2025-02-11 18:35:47+00:00,18.572222222222223,6.561916092622731,random,46327025.86666667,0,24641.25,1.296,1.008,6,1
2025-02-11 18:36:32+00:00,18.584722222222222,5.496567218226165,sequential,21111169.875,0,46972.0,3.3,2.25,4,1
2025-02-11 18:37:03+00:00,18.593333333333334,3.720053945342734,random,138300840.9,0,129050.0,1.92,1.08,5,1
2025-02-11 18:40:21+00:00,18.648333333333333,0.36753425216178215,sequential,187985006.7,0,41570.0,7.5,2.7,1,1
2025-02-11 18:44:32+00:00,18.718055555555555,2.0453801372588103,sequential,56170823.20689655,0,28320.0,8.82,5.94,6,0
2025-02-11 18:48:40+00:00,18.786944444444444,1.3459093067832981,random,28485971.296296295,0,178156.25,3.312,2.952,4,0
2025-02-11 18:49:07+00:00,18.794444444444444,1.5061785050339864,sequential,24194736.307692308,0,39235.0,1.65,6.6,1,1
2025-02-11 18:54:31+00:00,18.884444444444444,4.467956930730466,sequential,50577541.6,0,80077.5,8.64,8.82,10,0
2025-02-11 18:54:42+00:00,18.8875,2.8139905942979055,mixed,35103473.78571428,0,70289.0,2.5,4.8,6,1
2025-02-11 18:55:17+00:00,18.897222222222222,6.839174278388889,mixed,147034880.25,0,103612.5,2.76,3.72,9,1
2025-02-11 18:58:28+00:00,18.950277777777778,5.943657606602997,random,38780078.25,0,145805.0,1.8,0.84,6,0
2025-02-11 18:58:50+00:00,18.95638888888889,1.38507210928082,mixed,139692214.27272728,0,129056.25,4.8,3.24,6,0
2025-02-11 19:05:52+00:00,19.073611111111113,2.9745837975035485,sequential,389064772.75,0,31372.0,8.55,5.25,1,1
2025-02-11 19:09:49+00:00,19.139444444444443,0.8478835909686566,random,18504968.377777778,0,30519.0,2.34,2.04,7,1
2025-02-11 19:11:17+00:00,19.163888888888888,1.0605091240058044,sequential,20869433.15909091,0,60310.0,7.8,5.55,1,0
2025-02-11 19:12:13+00:00,19.179444444444446,0.6057991823477948,sequential,15951550.567567568,0,47557.0,8.1,6.45,4,0
2025-02-11 19:14:46+00:00,19.221944444444443,0.39805336300232597,random,83448980.77777778,0,93611.0,1.02,1.74,1,0
2025-02-11 19:19:59+00:00,19.308888888888887,0.8058372826538118,mixed,45166309.975,0,45482.0,1.9,3.0,1,0
2025-02-11 19:21:59+00:00,19.342222222222222,0.8973202928847854,random,819417084.0,0,91953.0,0.72,1.5,2,0
2025-02-11 19:25:43+00:00,19.404444444444444,2.967830142832291,sequential,142679417.5,0,17982.0,4.2,7.05,3,1
2025-02-11 19:25:59+00:00,19.40888888888889,4.017771417302967,sequential,23022247.346153848,0,53491.25,8.82,3.6,2,0
2025-02-11 19:28:07+00:00,19.444444444444443,5.175707943121125,sequential,53324538.666666664,0,42177.5,6.3,6.3,8,1
2025-02-11 19:28:28+00:00,19.450277777777778,0.8865478015892094,random,44907162.27272727,0,23898.75,3.096,1.44,7,0
2025-02-11 19:33:10+00:00,19.52861111111111,3.0227974044532644,sequential,88419025.375,0,43882.5,3.96,8.82,10,1
2025-02-11 19:35:59+00:00,19.575555555555557,0.5384444737875782,mixed,73180046.5,0,34598.75,7.2,1.92,8,1
2025-02-11 19:38:33+00:00,19.618333333333332,0.6852937606408034,random,154853730.42857143,0,133133.75,3.888,2.52,3,0
2025-02-11 19:45:23+00:00,19.732222222222223,1.014342925892194,random,48032343.17073171,0,34252.0,3.06,1.38,5,0
2025-02-11 19:48:10+00:00,19.77861111111111,8.803678983573803,random,105670941.18181819,0,62878.75,2.808,3.168,4,0
2025-02-11 19:56:32+00:00,19.918055555555554,0.7813650137501114,random,54965544.5882353,0,106790.0,2.16,0.66,5,1
2025-02-11 19:57:23+00:00,19.932222222222222,3.8656222607087045,mixed,61165205.692307696,0,113856.0,1.2,4.8,6,0
2025-02-11 19:58:26+00:00,19.94972222222222,3.3384978763487823,sequential,269927481.6666667,0,58023.0,7.95,5.25,6,1
2025-02-11 19:59:12+00:00,19.9625,3.05161978796869,random,76720708.53846154,0,107000.0,2.232,1.728,7,0
2025-02-11 20:09:21+00:00,20.131666666666668,3.275140679187885,sequential,15439261.175,0,60317.0,6.9,4.35,7,0
2025-02-11 20:09:37+00:00,20.136111111111113,4.146494348445785,random,110568850.66666667,0,136771.25,3.096,1.656,5,1
2025-02-11 20:11:45+00:00,20.171666666666667,3.977129848723223,sequential,49833696.11111111,0,71683.0,3.45,6.45,9,1
2025-02-11 20:14:48+00:00,20.2225,2.423840061953875,mixed,67386914.68421052,0,11748.0,5.8,4.9,10,1
2025-02-11 20:14:51+00:00,20.223333333333333,6.799252212407076,random,159396765.0,0,33166.0,3.42,2.16,1,1
2025-02-11 20:14:51+00:00,20.223333333333333,2.32095235776449,random,41061995.71428572,0,26079.0,1.56,2.94,8,0
2025-02-11 20:20:45+00:00,20.321666666666665,2.593306474129637,sequential,39243438.2,0,24871.25,9.18,5.58,1,1
2025-02-11 20:35:06+00:00,20.560833333333335,0.47570088501425545,sequential,825863232.5,0,15810.0,6.66,7.38,1,1
2025-02-11 20:36:34+00:00,20.585277777777776,6.134942323888858,random,18016803.476190478,0,200167.5,3.96,2.448,6,0
2025-02-11 20:39:30+00:00,20.634166666666665,4.067572314799563,sequential,50079588.25,0,19887.0,3.3,2.4,4,1
2025-02-11 20:39:57+00:00,20.641666666666666,3.1346929784295625,random,22289357.673913043,0,37000.0,1.008,1.944,1,0
2025-02-11 20:41:41+00:00,20.670555555555556,0.8630955859925606,sequential,52358082.18181818,0,86058.75,8.1,2.88,1,0
2025-02-11 20:41:54+00:00,20.674166666666668,3.461815566702697,sequential,83705933.0,0,40930.0,7.5,5.4,8,1
2025-02-11 20:43:05+00:00,20.69388888888889,7.269999131908811,random,18881105.073170733,0,40312.5,4.104,2.448,9,1
2025-02-11 20:44:50+00:00,20.723055555555554,8.11604451953901,mixed,60674290.40909091,0,50718.0,3.9,1.5,3,1
2025-02-11 20:44:50+00:00,20.723055555555554,2.830501715426081,sequential,418564421.0,0,79232.5,7.92,7.38,7,1
2025-02-11 20:45:54+00:00,20.740833333333335,4.836504032864589,sequential,32368128.023809522,0,59287.0,6.0,4.2,4,0
2025-02-11 20:46:59+00:00,20.75888888888889,0.3800886505845824,mixed,44573864.71428572,0,86052.0,3.4,2.2,9,1
2025-02-11 20:51:36+00:00,20.835833333333333,5.263208581013064,sequential,280007380.6666667,0,38736.0,5.4,3.45,1,0
2025-02-11 20:52:40+00:00,20.85361111111111,3.26794899553159,sequential,21257938.1,0,74743.75,4.32,2.7,9,1
2025-02-11 20:56:57+00:00,20.925,0.4020921405678308,mixed,478953845.6666667,0,142921.25,5.76,2.28,1,0
2025-02-11 20:58:31+00:00,20.95111111111111,5.3550748464749915,sequential,72059033.85714285,0,60795.0,6.75,5.1,6,0
2025-02-11 20:59:12+00:00,20.9625,3.581466549566599,sequential,112535621.25,0,17194.0,7.5,7.35,2,1
2025-02-11 21:02:51+00:00,21.023333333333333,1.8927126541124224,sequential,81041909.71428572,0,47974.0,8.1,1.65,7,0
2025-02-11 21:06:49+00:00,21.089444444444446,0.6403663994784665,random,904946666.5,0,161593.0,1.92,2.22,10,0
2025-02-11 21:09:45+00:00,21.138333333333332,7.425916573499023,sequential,44599998.527777776,0,30526.0,4.5,4.95,2,0
2025-02-11 21:10:54+00:00,21.1575,2.7484023041021572,random,27532136.953488372,0,20652.5,3.816,2.88,5,0
2025-02-11 21:11:16+00:00,21.163611111111113,7.3844812119036405,random,55722670.63333333,0,88421.0,1.5,3.0,10,1
2025-02-11 21:11:43+00:00,21.17111111111111,1.6586252189151907,mixed,53759798.92307692,0,43102.5,3.48,5.28,2,0
2025-02-11 21:17:57+00:00,21.275,7.251429849496915,sequential,38026324.88,0,76670.0,3.6,3.78,6,0
2025-02-11 21:18:48+00:00,21.289166666666667,6.187241196254494,random,19770095.433333334,0,59345.0,3.672,2.808,9,0
2025-02-11 21:23:25+00:00,21.36611111111111,4.098652050495247,sequential,562853831.6666666,0,20571.25,4.14,4.86,10,0
2025-02-11 21:24:25+00:00,21.38277777777778,4.4819911866404,mixed,917374128.0,0,31512.5,3.24,3.12,5,1
2025-02-11 21:27:47+00:00,21.43888888888889,3.460986510756765,sequential,89668529.71428572,0,48761.25,8.28,5.04,10,1
2025-02-11 21:32:02+00:00,21.509722222222223,1.0164103537285172,random,38990007.0,0,107192.0,2.88,0.78,1,1
2025-02-11 21:33:15+00:00,21.53,3.0524495483417553,random,302744792.5,0,82326.25,1.008,3.384,9,1
2025-02-11 21:34:14+00:00,21.546388888888888,3.1256483235934454,random,48204765.928571425,0,64240.0,2.7,1.26,9,0
2025-02-11 21:41:57+00:00,21.675,5.69453405555538,random,28808510.903225806,0,139721.25,3.096,2.088,8,0
2025-02-11 21:43:00+00:00,21.6925,4.53636715890357,random,115171623.16666667,0,133771.25,3.384,1.008,5,1
2025-02-11 21:44:11+00:00,21.712222222222223,3.945471527609577,sequential,50963927.76470588,0,38441.25,3.96,3.6,6,0
2025-02-11 21:51:42+00:00,21.8375,3.4870011986348572,sequential,143198988.0,0,69468.0,8.7,5.1,9,1
2025-02-11 21:54:49+00:00,21.889444444444443,3.4933954304086825,random,28265946.733333334,0,165471.0,2.1,1.92,9,1
2025-02-11 21:56:02+00:00,21.90972222222222,5.243234011458597,random,28785274.972222224,0,40275.0,2.16,2.016,2,1
2025-02-11 21:56:19+00:00,21.914444444444445,0.5067489481610252,sequential,17437580.54054054,0,67231.0,4.65,3.45,10,0
2025-02-11 21:58:05+00:00,21.94388888888889,6.180102856261357,sequential,21708854.708333332,0,74302.5,7.92,2.52,1,0
2025-02-11 21:59:21+00:00,21.965,6.051867504446626,sequential,15120670.181818182,0,21094.0,4.8,3.15,4,1
2025-02-11 22:01:11+00:00,21.995555555555555,3.68002275099839,sequential,99791662.2,0,75686.25,9.9,8.28,10,1
2025-02-11 22:04:54+00:00,22.0575,5.8225781636004825,random,56553564.11764706,0,72241.25,3.744,1.944,7,0
2025-02-11 22:07:34+00:00,22.101944444444445,0.5333147395838935,sequential,51348799.567567565,0,42022.5,3.06,2.34,10,0
2025-02-11 22:15:18+00:00,22.230833333333333,4.165664153032658,sequential,65098522.4,0,70062.5,3.24,4.32,7,1
2025-02-11 22:15:21+00:00,22.231666666666666,2.2677386692067074,random,517764333.6666667,0,93508.75,4.248,2.232,10,1
2025-02-11 22:18:41+00:00,22.287222222222223,0.5138409957946877,random,80472099.35714285,0,151846.25,2.664,2.592,3,0
2025-02-11 22:21:36+00:00,22.335833333333333,4.567160080895555,sequential,42823787.65,0,29126.25,8.1,7.74,2,0
2025-02-11 22:32:22+00:00,22.51527777777778,4.517880970872977,sequential,39371814.666666664,0,55340.0,3.45,3.45,1,1
2025-02-11 22:33:33+00:00,22.535,2.655940105204543,sequential,44484440.26470588,0,25603.75,3.6,6.12,7,0
2025-02-11 22:34:20+00:00,22.548055555555557,6.314783490255941,sequential,550905505.6666666,0,61851.0,2.7,3.6,7,0
2025-02-11 22:36:32+00:00,22.584722222222222,0.5730054238681248,mixed,41453668.68181818,0,147211.25,1.92,1.68,9,0
2025-02-11 22:38:20+00:00,22.614722222222223,4.246045740051123,sequential,140134032.0909091,0,32798.0,6.6,5.4,4,1
2025-02-11 22:41:59+00:00,22.675555555555555,0.6951638929784281,mixed,57307651.5,0,88509.0,2.2,2.6,5,1
2025-02-11 22:44:25+00:00,22.71611111111111,3.4238510829714457,random,392191820.0,0,102957.5,2.088,2.592,8,1
2025-02-11 22:46:29+00:00,22.750555555555554,1.212203493166001,sequential,77030836.0,0,52749.0,8.25,4.05,7,0
2025-02-11 22:48:16+00:00,22.780277777777776,5.395851994976205,random,98429432.28571428,0,33305.0,3.096,1.656,1,0
2025-02-11 22:50:42+00:00,22.820833333333333,0.015334296255176127,sequential,63212561.25,0,71920.0,2.25,4.35,6,0
2025-02-11 22:54:49+00:00,22.889444444444443,1.6253245568021626,sequential,21855836.580645163,0,7788.75,6.84,6.48,6,1
2025-02-11 23:02:17+00:00,23.01388888888889,0.08395881787268422,random,77902171.38461539,0,121957.5,0.72,1.296,6,0
2025-02-11 23:09:26+00:00,23.133055555555554,5.295528242331606,random,126448125.0909091,0,26780.0,2.58,1.02,5,0
2025-02-11 23:10:57+00:00,23.158333333333335,0.9871401180372104,sequential,102401968.92307693,0,27335.0,4.32,2.7,2,0
2025-02-11 23:12:25+00:00,23.182777777777776,3.815060060725017,sequential,43082029.432432435,0,43718.75,7.02,2.16,9,1
2025-02-11 23:14:44+00:00,23.22138888888889,5.358526168886442,sequential,587549692.6666666,0,74918.75,8.28,6.66,2,1
2025-02-11 23:17:05+00:00,23.260555555555555,4.854526651619828,mixed,61427203.733333334,0,61382.5,2.52,4.8,7,0
2025-02-11 23:18:07+00:00,23.27777777777778,4.57795377597084,sequential,63510146.23809524,0,40180.0,9.36,8.1,8,1
2025-02-11 23:18:35+00:00,23.285555555555554,1.7413619023345746,sequential,43037174.11111111,0,78661.25,6.48,2.88,6,0
2025-02-11 23:21:03+00:00,23.326666666666668,3.4553832509126465,sequential,33736248.93181818,0,67393.75,6.66,7.74,4,0
2025-02-11 23:23:17+00:00,23.363888888888887,3.7295583709456572,sequential,595812102.6666666,0,31812.5,6.48,2.16,3,0
2025-02-11 23:28:01+00:00,23.442777777777778,0.28730162304942297,sequential,33286682.147058822,0,19641.0,7.65,1.8,1,0
2025-02-11 23:31:47+00:00,23.505555555555556,0.02991532409409814,sequential,55232120.03703704,0,61235.0,6.66,6.3,9,1
2025-02-11 23:35:59+00:00,23.575555555555557,2.718178392624999,random,55315882.92307692,0,167178.0,0.72,1.2,2,1
2025-02-11 23:37:14+00:00,23.59638888888889,4.978906676511748,random,57015104.64705882,0,189207.5,1.872,2.088,7,1
2025-02-11 23:47:38+00:00,23.76972222222222,2.150402079094519,random,56281133.25,0,151187.0,3.6,2.46,9,1
2025-02-11 23:48:26+00:00,23.783055555555556,0.20415688097876483,sequential,43818476.5,0,12861.25,1.8,5.76,4,1
2025-02-11 23:51:25+00:00,23.83277777777778,0.29638821676400084,mixed,18899008.8,0,114167.0,4.0,3.7,9,0
2025-02-11 23:55:37+00:00,23.90277777777778,3.5278625770405334,mixed,93092409.9375,0,116274.0,3.9,2.8,8,1
2025-02-12 00:01:24+00:00,23.999166666666667,0.30108420083029586,random,39642227.25925926,0,190475.0,3.6,2.736,7,1
2025-02-12 00:03:53+00:00,24.040555555555557,5.629629335369003,random,76986318.84,0,122534.0,2.46,1.98,5,0
2025-02-12 00:11:14+00:00,24.163055555555555,6.242734454510529,random,55317432.541666664,0,109561.25,0.864,2.808,8,0
2025-02-12 00:11:50+00:00,24.173055555555557,5.010626160115812,random,121128205.92307693,0,89786.0,1.8,2.46,8,1
2025-02-12 00:21:05+00:00,24.327222222222222,1.6577613238209992,random,211077907.375,0,62007.5,3.6,1.152,6,0
2025-02-12 00:21:15+00:00,24.33,6.496744430621071,random,58489970.85294118,0,144890.0,3.36,1.68,5,0
2025-02-12 00:27:52+00:00,24.440277777777776,6.163152364250351,random,61141129.72727273,0,184493.75,2.52,1.512,5,1
2025-02-12 00:31:27+00:00,24.5,4.983269926202986,sequential,68975392.5,0,57076.25,4.5,2.52,8,1
2025-02-12 00:31:50+00:00,24.50638888888889,4.295054408850703,random,61546899.307692304,0,111353.75,2.52,3.384,2,1
2025-02-12 00:34:24+00:00,24.549166666666668,5.03032277116866,mixed,24493335.138888888,0,46380.0,2.52,3.84,6,0
2025-02-12 00:43:36+00:00,24.7025,0.9429540110143435,sequential,52437502.53333333,0,68723.0,6.6,5.7,6,0
2025-02-12 00:45:27+00:00,24.733333333333334,2.6643110791009406,sequential,187090623.2857143,0,86660.0,7.38,8.46,6,1
2025-02-12 00:51:50+00:00,24.83972222222222,6.320086244217258,sequential,15675134.722222222,0,31766.25,3.06,5.22,3,1
2025-02-12 00:58:50+00:00,24.95638888888889,2.0816557389262513,sequential,168756887.0,0,8395.0,8.7,7.2,1,1
2025-02-12 01:03:57+00:00,25.041666666666668,3.200532230559226,mixed,55785882.64285714,0,42489.0,2.3,5.0,1,1
2025-02-12 01:12:55+00:00,25.191111111111113,7.492867002759773,mixed,25500752.35,0,48637.5,5.28,4.08,1,0
2025-02-12 01:14:44+00:00,25.22138888888889,3.4347431006143196,mixed,21399284.575757574,0,45076.25,5.88,5.88,4,0
2025-02-12 01:20:26+00:00,25.316388888888888,1.174248404542567,random,40480495.17073171,0,167081.0,1.44,2.58,9,1
2025-02-12 01:25:44+00:00,25.404722222222222,1.8616821177019247,random,30227548.5,0,40720.0,3.42,2.94,2,1
2025-02-12 01:27:28+00:00,25.433611111111112,6.443709385322201,random,44172920.11764706,0,22639.0,2.34,2.46,2,0
2025-02-12 01:27:50+00:00,25.439722222222223,2.957306313240359,random,41732081.4,0,25246.0,2.94,0.9,6,1
2025-02-12 01:30:36+00:00,25.485833333333332,4.591044051550082,mixed,42902381.333333336,0,112563.75,6.48,4.2,9,1
2025-02-12 01:37:39+00:00,25.60333333333333,2.3451955816367587,random,971991416.0,0,197286.25,3.168,1.224,3,1
2025-02-12 01:37:47+00:00,25.605555555555554,6.016245036198306,random,49433312.43478261,0,97861.25,3.168,3.456,5,0
2025-02-12 01:37:55+00:00,25.607777777777777,7.997643416604227,sequential,125564041.2,0,10222.5,4.5,5.94,6,0
2025-02-12 01:39:39+00:00,25.636666666666667,7.076124750248383,random,614466609.0,0,21299.0,1.38,1.74,4,0
2025-02-12 01:42:19+00:00,25.68111111111111,3.667556157510319,sequential,29631490.76,0,53103.75,5.4,8.28,5,1
2025-02-12 01:46:04+00:00,25.74361111111111,5.684010263652759,mixed,23210445.48387097,0,33001.25,3.48,2.16,7,1
2025-02-12 01:46:14+00:00,25.746388888888887,1.7776778032816765,random,53622324.05405405,0,167812.5,3.672,1.8,7,1
2025-02-12 01:52:58+00:00,25.85861111111111,1.6456530732927988,sequential,34945074.25,0,86471.25,5.4,5.4,8,1
2025-02-12 01:57:55+00:00,25.941111111111113,2.7214117764071304,random,156194682.54545453,0,184566.25,2.232,3.24,10,0
